RSES_1,RSES_2,RSES_3_REV,RSES_4,RSES_5_REV,RSES_6,RSES_7,RSES_8_REV,RSES_9_REV,RSES_10_REV,RSSIS_1,RSSIS_2,RSSIS_3,RSSIS_4,RSSIS_5,RSSIS_6,RSSIS_7,RSSIS_8,RSSIS_9,RSSIS_10,RSSIS_11,RSSIS_12,RSSIS_13,RSSIS_14,RSSIS_15,RSSIS_16,RSSIS_17,RSSIS_18,RSSIS_19,RSSIS_20,RSSIS_21,RSSIS_22,RSSIS_23,RSSIS_24,RSSIS_25,RSSIS_26,RSSIS_27,RSSIS_28,RSSIS_29,RSSIS_30,RSSIS_31,RSSIS_32,RSSIS_33,RSSIS_34,RSSIS_35,RSSIS_36,ISS_1,ISS_2_REV,ISS_3,ISS_4_REV,ISS_5,ISS_6,ISS_7_REV,ISS_8,ISS_9_REV,ISS_10,ISS_11,ISS_12_REV,ISS_13,ISS_14,ISS_15_REV,ISS_16,ISS_17,ISS_18_REV,ISS_19,ISS_20_REV,ISS_21,ISS_22_REV,ISS_23,ISS_24,RSES_Total,RSSIS_Total,ISS_Total,Gender,Academic_Year,TOPIK_Level,Economic_Status
3,4,4,4,1,4,4,4,1,2,1,1,3,3,1,2,2,2,1,4,1,1,2,3,4,2,2,3,1,2,5,1,2,1,4,1,1,3,2,1,1,3,1,1,1,4,2,2,4,1,1,1,1,4,2,4,4,1,3,5,1,3,5,1,4,1,4,2,5,4,32.276861356230434,72.6398140036199,94.8091490276611,1,4,1,2
4,4,2,4,1,3,4,1,1,1,2,2,1,1,1,1,1,1,2,1,1,1,3,1,1,1,2,1,2,3,1,1,1,1,2,1,1,2,1,5,1,1,2,5,1,1,4,4,5,3,3,4,3,4,1,5,5,1,1,3,2,5,5,1,4,2,2,3,4,5,38.07362044659807,55.63458214764877,93.06562224991626,2,1,1,2
4,3,1,4,2,4,4,1,1,1,4,2,2,1,2,1,1,4,2,1,1,1,4,2,5,4,2,2,3,1,1,2,1,1,1,3,4,2,1,1,3,5,3,4,2,5,4,3,3,4,4,2,3,5,2,4,4,1,5,3,1,5,2,2,2,4,4,2,4,4,38.39094880648295,83.58262789198605,87.27208834748691,2,3,1,1
3,4,1,2,1,3,4,4,1,1,1,2,2,2,1,1,1,2,1,1,3,3,3,1,2,3,1,1,2,3,1,1,1,3,1,1,3,1,2,1,2,1,1,2,1,5,1,2,3,3,5,5,4,1,3,5,5,2,5,2,1,2,5,5,3,1,5,2,2,5,32.53580466389444,62.67672175177602,85.47395979395053,1,2,1,2
2,4,1,2,1,4,4,2,4,2,1,1,1,1,1,1,1,1,1,1,1,1,1,1,1,1,1,1,1,1,1,1,1,1,1,1,1,1,1,1,1,1,1,1,1,1,4,4,4,4,3,5,5,3,3,4,2,1,4,3,1,1,1,3,5,2,4,4,5,2,30.83799095829326,25.265655610882305,76.84436256242833,1,3,1,2
4,3,2,3,1,1,3,4,3,3,1,1,4,1,2,1,4,1,1,2,1,3,1,1,1,1,1,3,1,2,1,4,1,4,1,3,1,1,2,2,1,1,3,1,2,1,5,3,4,1,1,5,2,4,1,4,5,3,3,1,1,3,4,3,3,5,5,2,4,4,26.295487780835842,62.26360247686992,88.20609979777757,1,1,1,3
1,2,1,3,2,1,4,4,1,4,1,1,2,5,1,1,2,1,1,1,2,1,2,3,1,1,2,2,1,2,3,3,1,1,1,1,1,3,1,1,1,1,1,1,1,2,5,1,5,4,5,4,4,5,1,4,4,2,4,4,4,5,4,2,4,3,4,1,5,5,24.342724648702962,55.60765149931229,98.79849073377609,1,3,1,3
3,1,1,4,2,3,4,3,4,2,4,1,1,1,3,2,4,3,3,2,3,1,2,2,3,2,1,1,3,2,2,3,5,3,2,5,2,1,3,4,4,1,3,3,1,3,2,5,5,4,3,4,3,2,4,1,4,1,4,5,3,1,3,5,5,4,1,3,4,3,28.19614516904195,88.57745224623429,69.19801638289674,2,3,1,1
1,2,1,4,4,4,3,3,4,1,5,2,1,2,3,4,1,1,5,5,3,1,1,4,1,5,2,4,2,5,1,2,1,2,1,3,4,5,1,3,1,2,4,2,4,1,5,1,4,2,4,4,2,2,2,1,2,4,1,1,2,2,2,5,5,4,5,3,2,1,26.396616350879153,94.24736347181404,69.68691422788572,1,3,1,3
3,2,1,4,3,4,2,1,2,1,1,3,1,1,1,1,1,3,1,3,4,2,1,1,1,2,1,1,1,1,1,1,4,2,1,1,3,1,2,3,2,2,1,2,2,2,4,4,2,4,5,2,1,3,2,5,4,2,5,5,2,4,5,5,1,3,5,3,5,4,31.593347135039053,61.05843948446327,86.6444616807868,2,3,0,2
2,3,3,1,1,3,2,1,1,4,4,5,3,5,5,2,5,5,5,5,3,3,5,5,4,2,1,3,5,4,5,5,4,5,5,3,5,5,2,2,5,5,5,5,3,2,1,4,1,3,5,3,1,2,3,1,2,2,1,3,1,2,2,2,4,1,4,1,5,2,26.07284388394249,144.99057797094707,73.7398683673277,2,3,1,2
4,3,3,2,3,2,1,3,4,1,5,2,5,2,5,4,4,2,3,3,1,2,4,4,3,4,4,1,5,1,3,5,5,3,4,5,1,3,3,5,1,3,5,5,4,3,2,1,1,2,1,2,3,1,4,2,3,1,1,1,5,2,5,4,4,1,5,4,1,3,23.49727463221754,121.78850880087657,63.01698175156312,1,4,0,2
4,4,3,4,2,2,4,3,3,1,1,1,1,1,1,1,1,1,1,1,1,1,1,1,1,1,1,1,1,1,1,1,1,1,1,1,1,1,1,1,1,1,1,1,1,1,4,2,2,5,5,3,3,3,3,1,4,1,4,3,4,4,5,2,5,1,1,1,3,2,30.65104550515373,24.39478135558008,80.6882555349003,2,2,1,2
2,4,2,2,2,4,1,1,1,1,2,1,4,2,3,5,3,1,5,3,3,2,1,3,4,4,1,1,5,5,4,2,5,1,5,1,5,2,5,2,2,2,1,3,1,3,3,2,2,2,4,5,1,2,2,3,2,4,4,3,1,5,4,3,5,1,2,3,4,2,30.583254683874216,101.95170800632016,84.88639779851415,1,4,0,2
2,3,3,2,1,3,3,1,2,2,1,3,2,1,3,2,1,1,4,5,1,1,2,1,3,1,1,5,1,1,4,1,1,1,1,5,3,1,5,1,1,1,4,2,1,4,5,3,1,3,3,2,4,5,2,3,1,3,3,3,4,5,5,3,1,4,1,3,4,4,28.818161949943388,76.47443576300279,70.78762310235598,2,2,1,2
1,2,3,4,3,3,3,2,3,2,1,1,1,5,5,5,4,3,4,2,1,1,2,1,2,2,1,5,2,3,3,3,1,1,3,1,1,1,1,3,1,1,1,1,2,5,1,2,5,1,5,5,3,1,1,4,5,3,5,4,3,5,3,2,4,1,3,1,3,2,25.40558800719918,80.29040724412891,92.34136163521069,2,1,1,2
2,4,2,4,2,4,4,2,3,3,1,1,1,1,1,1,1,1,1,1,1,1,1,1,1,1,1,1,1,1,1,1,1,1,1,1,1,1,1,1,1,1,1,1,1,1,3,2,5,3,5,5,1,3,1,3,5,1,5,3,1,5,3,5,5,1,5,1,2,2,31.412156826062628,28.16303165198199,96.92502109137612,2,1,0,2
3,3,2,3,4,1,1,1,1,1,3,2,1,1,1,2,2,1,1,4,3,2,3,1,3,2,1,5,1,3,1,1,1,2,2,3,3,3,1,1,1,3,2,1,1,1,3,2,4,2,3,3,1,2,3,4,1,1,1,4,2,5,5,1,5,2,3,1,4,5,27.29636512645709,69.43716357455882,90.94243700833553,2,2,1,2
4,4,2,4,1,3,4,3,1,2,4,5,3,2,1,3,3,2,1,3,1,4,4,4,1,1,1,2,3,5,2,1,4,1,2,1,5,4,2,4,4,4,1,3,1,4,2,4,5,2,1,4,5,1,4,5,5,1,4,5,1,1,3,3,1,1,3,1,4,4,35.29457175680253,95.89650676815447,79.55784231309642,1,4,1,2
3,3,1,2,3,3,3,3,2,2,1,2,2,4,5,2,4,1,2,1,1,4,5,1,2,1,3,3,3,2,5,4,2,4,3,2,2,3,1,3,2,3,3,5,5,1,4,2,5,4,4,5,2,5,1,5,2,1,1,5,1,3,2,5,3,2,4,1,5,3,27.724887809601736,97.30100048079387,91.10119793394675,2,3,1,2
2,1,2,2,3,4,2,1,1,2,1,4,3,2,1,1,5,2,2,1,2,1,2,2,2,1,1,3,3,1,4,5,1,3,4,2,3,1,4,3,3,1,2,3,2,4,3,4,1,5,3,2,4,5,4,3,3,3,2,4,4,3,3,2,3,1,2,2,5,5,26.76492201616297,84.83485836452289,71.6764393304415,2,4,0,1
2,3,3,3,3,3,2,4,1,4,3,4,1,5,2,3,3,3,5,2,5,3,1,5,3,4,3,1,5,5,4,5,3,3,1,4,3,5,4,2,4,4,4,4,5,2,2,1,4,2,1,4,3,4,2,5,3,1,3,4,2,1,4,1,5,5,4,1,5,2,22.715033673578606,123.42474844110018,87.35071260653412,2,3,1,3
1,4,2,4,1,2,2,3,1,2,4,2,1,5,4,2,5,1,5,3,1,2,4,1,2,2,2,2,2,5,5,4,5,2,4,2,4,2,5,5,2,5,5,5,1,2,2,2,4,2,4,1,1,4,1,2,2,2,5,5,3,3,5,1,2,1,3,5,1,5,29.064635724546015,113.28901178324844,84.02262594593425,2,2,1,3
3,2,2,2,3,1,4,2,2,2,2,3,2,5,3,1,3,4,2,1,4,5,3,3,1,2,4,4,4,1,2,5,1,5,1,3,5,2,1,5,3,3,4,2,2,2,2,2,2,1,5,3,2,5,1,3,2,2,4,4,1,4,5,2,5,3,4,4,5,5,25.82764104150812,102.8308129061442,94.35182235302828,2,2,0,2
2,2,1,3,2,3,3,1,1,4,5,5,3,4,3,4,5,1,3,3,5,4,1,4,5,4,3,4,5,3,4,4,2,3,4,2,2,2,5,1,5,2,5,4,5,5,2,1,4,2,1,3,5,1,5,1,2,2,2,1,5,2,1,3,1,2,5,5,2,1,29.269007935058422,128.88068802627407,52.97295430808597,1,2,0,3
4,4,2,4,1,1,4,1,2,2,2,2,1,3,2,5,3,3,2,2,1,2,1,1,2,4,1,1,2,2,1,2,1,1,3,2,3,1,2,2,1,2,4,2,3,3,1,2,3,2,5,5,2,5,2,5,4,1,4,5,5,3,4,2,2,5,3,1,2,4,34.11356572079582,74.5857280563821,86.75570135874015,1,2,1,2
4,1,2,4,3,4,1,2,1,1,1,1,1,1,1,1,1,1,1,1,1,1,1,1,1,1,1,1,1,1,1,1,1,1,1,1,1,1,1,1,1,1,1,1,1,1,5,1,4,1,5,5,2,5,3,2,3,3,1,4,3,4,5,2,5,5,3,3,4,5,29.989634181890686,25.221047191040334,90.88149545155571,2,1,1,3
3,3,2,4,2,2,1,1,1,1,2,1,3,4,3,5,2,3,2,5,4,5,5,4,1,1,2,5,4,3,4,5,4,4,5,3,3,4,4,5,4,3,4,2,1,2,5,4,3,4,3,4,3,4,2,3,4,4,5,3,5,3,5,2,4,5,4,3,3,1,31.48837421342582,120.93479984723456,76.32246163663322,1,2,1,2
2,2,2,1,1,3,4,3,4,2,4,1,2,2,5,1,5,3,1,2,1,1,1,3,1,2,2,3,4,3,1,4,2,1,1,4,3,2,2,2,3,1,1,1,2,3,4,1,3,2,1,4,1,3,2,2,4,1,4,3,1,1,4,3,2,1,5,1,5,5,24.90488517110902,80.3423011577654,90.55358311552376,2,3,1,2
4,1,3,3,1,4,3,2,1,2,2,4,1,1,2,3,1,1,2,2,1,1,1,1,1,1,2,1,1,4,1,2,1,1,3,3,1,5,2,2,2,2,1,1,3,1,3,1,3,1,3,3,2,5,3,5,5,3,3,5,4,5,1,1,3,1,4,1,4,5,31.328185139768536,63.74349789785981,93.93730038202054,2,3,1,2
3,3,2,2,2,4,3,1,3,2,5,1,5,3,1,2,3,3,5,2,2,3,1,3,4,5,5,4,1,5,5,2,5,1,4,3,2,4,4,1,2,5,2,2,4,1,2,3,5,5,5,4,3,5,5,3,5,4,1,5,1,4,2,3,2,2,2,1,2,1,30.019663977820432,109.93980921296867,74.83792445988269,1,4,1,2
2,2,2,4,4,2,2,1,1,1,1,1,3,1,3,5,1,1,3,1,3,2,3,1,2,3,2,1,1,2,2,3,3,2,1,1,1,4,2,2,1,5,4,3,2,1,5,2,1,1,1,2,5,5,1,2,3,4,4,1,4,2,4,2,2,1,4,5,4,1,27.620681203450903,76.80890490005572,69.9410514978506,1,4,0,2
4,2,1,2,2,2,4,1,1,3,2,4,2,3,3,2,2,2,3,3,2,5,3,3,3,1,3,2,2,3,1,1,2,2,1,2,1,4,2,2,2,1,1,4,4,4,2,3,4,2,4,5,1,3,3,3,5,2,4,4,3,4,5,3,5,2,3,4,3,1,31.143882127697378,86.8795523065223,85.72666935549283,2,3,1,2
1,2,1,4,3,4,1,2,2,1,1,1,1,1,1,1,1,1,1,3,1,1,1,1,1,3,1,1,1,1,2,1,3,3,2,1,1,1,1,1,1,1,1,1,1,1,4,4,5,5,5,4,3,4,4,5,4,2,2,5,3,5,3,3,5,2,2,1,3,2,28.146380486038733,46.16607673645619,84.65125400196587,1,2,1,2
4,3,1,3,3,1,2,1,4,1,2,1,1,1,1,1,1,2,2,5,1,3,5,4,2,2,3,1,2,1,1,2,2,2,1,1,2,1,2,1,1,3,1,2,1,1,3,5,4,3,2,5,1,4,2,5,5,3,2,5,4,5,4,4,1,1,3,1,4,2,27.5356635408265,65.2531577102102,84.14259472329276,2,3,1,2
3,1,3,4,1,3,4,1,2,1,4,5,3,2,2,5,2,5,4,5,4,3,5,3,5,1,3,2,3,3,5,3,5,4,5,4,4,4,5,3,3,4,5,3,5,1,4,2,3,4,4,5,1,5,2,5,2,1,4,3,3,1,4,1,1,1,4,5,1,2,31.753487502752577,131.99382717066615,81.8177108106268,1,4,1,2
1,4,4,3,1,4,4,1,2,2,2,1,1,1,4,3,3,1,5,1,2,1,3,2,4,1,2,3,1,5,2,3,4,2,3,1,2,2,1,1,1,5,1,1,2,1,4,1,1,2,2,4,3,2,2,3,4,2,4,1,5,2,3,4,4,5,5,3,1,1,30.926034599372166,77.7921363891189,67.98001577646974,2,2,1,3
4,2,3,4,1,2,1,3,1,1,3,4,4,1,2,1,2,3,1,1,3,1,1,1,4,3,4,3,4,3,1,1,1,1,4,4,4,2,5,1,1,3,3,3,2,1,4,2,5,3,5,5,1,3,2,5,5,2,5,5,1,4,5,1,5,2,5,2,5,4,29.321604196786364,85.60049889972211,108.46558574369365,1,2,0,2
1,3,2,2,1,4,3,3,1,3,4,1,1,4,4,5,2,1,2,3,1,5,3,3,1,3,5,1,5,2,1,2,5,2,1,5,1,3,4,1,3,3,2,1,2,3,3,5,3,4,3,2,1,2,2,4,4,3,2,1,1,5,5,1,3,2,4,4,5,5,28.384879152519893,94.82566818960456,82.08763194248812,2,4,1,2
4,1,4,2,4,4,4,4,4,1,3,4,5,5,5,3,1,3,2,3,5,5,5,4,1,5,3,5,3,5,2,3,3,4,5,4,2,5,5,4,4,5,3,1,5,3,5,1,5,4,4,4,4,4,3,4,4,5,3,3,3,5,5,5,2,3,2,3,5,2,22.8705185631554,132.5162497558604,80.35246788678182,1,2,0,2
4,3,1,4,1,3,4,4,2,1,1,1,1,1,1,2,1,1,2,1,1,1,1,1,1,1,5,1,2,1,1,4,1,1,1,1,1,1,1,1,1,1,1,1,1,1,4,1,5,5,5,5,2,4,1,4,5,1,5,5,1,5,5,1,5,1,2,1,5,3,33.93920496294349,46.4339287633145,107.01395023190577,2,3,1,2
3,3,4,1,4,4,3,2,3,4,3,3,1,3,4,4,1,3,1,1,5,1,4,3,4,1,5,5,5,5,2,1,3,4,4,1,5,5,5,5,4,5,5,3,1,5,4,2,3,3,4,5,2,5,1,4,5,3,5,2,3,5,1,2,5,5,5,1,5,5,21.55352823666511,119.80819672568805,95.06411340495514,1,3,1,2
2,4,4,4,4,3,4,4,3,3,1,5,2,1,4,2,1,2,1,1,5,1,4,2,3,4,1,1,2,1,3,4,4,2,5,1,1,3,2,1,3,3,1,2,1,1,4,2,1,1,4,1,3,3,1,1,3,3,3,3,2,3,5,4,5,4,5,1,4,4,23.876685172343606,81.01954663549188,81.68041918765354,2,2,0,3
3,4,4,4,2,2,2,2,4,1,1,2,3,1,1,1,1,1,1,1,1,2,1,1,2,3,1,1,1,1,1,1,1,1,1,1,2,1,2,2,1,1,1,1,1,1,4,1,4,4,5,3,4,2,2,5,4,3,5,3,3,5,2,1,3,1,4,2,1,5,26.627664586299073,46.020185818678684,88.24659213766368,2,2,1,2
1,4,1,2,3,2,4,4,4,3,2,2,3,4,4,3,5,1,3,1,2,4,4,5,5,3,2,2,4,2,5,4,1,3,2,1,5,1,1,5,2,5,5,5,2,4,3,4,5,5,5,4,4,3,5,4,2,3,5,2,5,3,1,4,4,2,2,2,3,1,23.4713340110435,111.84335163888849,67.27368291163637,1,2,1,2
4,4,2,4,1,4,4,1,1,2,1,2,1,2,1,1,1,1,2,1,1,1,1,1,1,1,1,1,1,1,1,1,1,1,1,1,1,1,1,1,1,1,1,1,1,2,5,3,5,3,5,5,4,2,1,5,5,1,3,4,5,2,5,2,5,1,5,2,3,3,38.22558069256163,39.51115064849149,94.48828426476628,1,1,1,3
3,4,1,1,1,4,4,3,1,1,1,1,1,1,1,1,1,1,1,1,1,1,1,1,1,1,1,1,1,1,1,1,1,1,1,2,1,1,1,1,1,1,1,1,1,1,5,2,5,1,3,1,2,5,1,4,4,1,4,5,2,5,5,2,1,5,5,1,5,3,34.06620457401232,36.900753728865,96.91185878145711,1,1,1,2
4,3,1,4,1,4,3,2,1,1,1,1,1,1,1,1,1,1,1,1,1,1,1,1,1,1,1,1,1,1,1,1,1,1,1,1,1,1,1,1,1,1,1,1,1,1,4,2,4,1,4,5,1,3,1,5,3,1,5,5,1,4,4,1,4,3,2,2,4,4,36.85426316930242,19.242114531204834,101.06842891833728,2,4,0,1
2,4,3,3,1,1,4,1,1,2,1,3,2,3,1,5,3,5,1,1,5,3,3,2,3,3,5,5,1,2,2,4,4,1,3,2,1,1,4,2,4,2,3,4,5,3,5,5,4,3,1,2,5,2,4,4,2,2,4,3,3,1,2,1,5,3,5,2,4,1,30.9392083053722,102.3199608958664,71.36269984060898,2,2,0,2
3,3,4,2,4,4,3,4,3,3,2,1,3,5,1,4,2,5,5,4,5,5,4,3,5,2,3,1,3,3,2,4,2,4,1,1,2,4,5,3,4,4,5,2,3,5,5,4,4,2,2,2,1,3,1,2,4,5,5,1,3,2,3,1,4,5,4,4,3,5,22.01325423977385,116.81571882497322,77.33417678199817,2,3,1,1
3,4,1,1,2,3,2,1,2,1,5,1,3,2,4,3,2,3,4,4,3,1,2,2,1,3,3,3,2,2,2,3,1,4,2,4,1,1,2,1,1,2,2,2,5,4,3,2,3,4,5,4,3,2,5,2,5,1,3,3,4,3,2,4,4,1,2,1,5,3,30.886172731138092,89.96259964044447,78.41701704344702,1,2,1,2
3,4,1,3,1,4,3,3,3,3,4,3,2,1,2,5,3,2,5,2,1,2,2,3,1,2,1,3,2,1,3,5,1,1,1,5,3,1,4,4,1,2,3,2,1,5,4,2,5,5,3,1,1,4,3,3,1,1,5,5,2,1,4,3,5,5,3,5,2,5,30.78315571924293,88.68496200800729,78.17138871174033,1,4,1,2
4,4,1,4,1,4,4,1,1,1,1,3,3,2,1,2,3,3,2,1,3,3,2,1,1,3,1,5,1,1,1,1,1,1,3,1,1,3,3,3,1,1,3,1,2,3,1,2,4,2,4,3,2,4,1,5,1,1,4,2,4,5,1,5,4,3,5,3,4,5,40.00948500215766,71.18113787991635,83.16542480706984,2,2,1,2
4,4,2,3,1,4,4,3,2,3,1,1,1,1,1,1,2,1,1,1,1,1,2,1,1,2,1,2,1,1,2,1,1,1,1,1,2,1,2,1,1,2,1,1,3,1,2,1,4,1,2,5,2,5,5,5,5,1,4,4,1,2,4,2,5,1,5,2,5,5,33.179654536061065,46.428922366751195,100.39895512693448,2,2,1,3
3,3,1,4,1,2,4,1,1,1,1,1,1,1,2,1,1,1,1,2,2,2,1,1,1,1,1,1,1,2,1,1,1,1,1,1,2,1,1,1,1,1,1,2,2,1,2,1,5,1,5,5,1,5,4,5,5,1,5,5,5,4,5,2,5,2,4,2,5,5,36.01525019719844,43.87302295496517,104.70913574301696,2,4,1,2
2,4,3,4,1,1,4,1,2,1,2,4,2,1,3,1,3,1,5,3,4,2,2,1,2,2,3,1,4,5,4,4,4,3,5,2,1,4,4,3,1,4,4,1,4,2,4,2,5,2,5,5,1,2,1,5,4,1,4,4,2,4,4,2,3,1,5,1,3,5,31.802796027577372,101.35042445167304,102.78645642534158,1,4,1,2
3,4,4,2,1,3,3,2,1,4,2,1,1,3,2,2,3,4,2,1,1,1,3,1,2,1,1,1,1,4,1,1,2,2,1,1,1,3,5,1,1,2,1,2,1,3,4,1,3,1,2,4,2,4,4,3,4,3,2,2,2,5,2,2,1,4,5,1,1,1,28.085375189106283,65.29365370273221,77.45928311002508,2,2,1,2
4,3,4,2,4,2,1,2,1,1,3,4,3,5,1,4,2,1,3,2,1,1,4,3,2,1,4,2,1,4,3,2,3,4,4,2,1,2,2,5,4,1,2,1,3,3,4,1,5,2,4,5,1,5,1,2,1,4,2,5,4,1,5,5,4,4,3,1,2,4,24.863559638260526,92.62424587043014,83.26542726820053,1,4,1,2
4,2,1,3,3,4,4,4,1,2,4,5,4,3,4,3,5,1,3,3,4,4,3,1,5,1,3,2,1,3,1,4,1,2,4,5,1,2,1,5,3,1,2,3,1,5,5,3,3,4,5,3,3,3,3,5,3,5,3,4,2,5,3,1,4,2,1,1,2,5,31.034142014293554,103.38757299644331,83.5041135677065,1,2,1,2
4,4,1,4,1,4,4,2,2,1,1,2,1,1,1,2,1,1,1,1,1,2,1,1,3,3,3,1,2,2,1,4,1,3,1,1,1,1,1,1,1,2,1,2,3,1,5,1,5,1,5,5,1,5,1,5,5,1,5,5,1,5,5,1,5,1,5,1,5,5,37.681099618182,55.72490774828898,121.59984441040118,2,2,1,2
3,4,3,4,1,4,2,1,3,1,1,4,1,1,1,1,1,1,1,1,1,1,1,1,1,1,1,4,1,1,1,1,1,1,1,1,1,2,2,2,2,1,1,3,3,1,3,3,4,2,4,4,2,5,5,1,4,1,5,4,1,4,4,4,3,4,3,4,4,2,33.00520508267528,50.228837820269035,81.60305250532988,2,2,1,3
3,3,1,2,2,3,4,1,3,1,3,3,2,2,1,1,1,1,2,1,2,1,1,2,1,1,2,1,2,3,2,3,1,3,1,1,4,1,2,5,1,1,3,3,4,2,4,2,3,1,5,5,2,5,1,5,5,5,4,2,1,1,4,3,5,4,5,1,4,5,32.19642224514958,70.39388809024504,95.69421025225743,2,1,1,2
4,1,1,4,2,3,4,3,2,1,3,2,1,2,1,1,1,3,1,3,2,5,2,2,1,2,2,1,1,1,1,1,1,2,4,2,3,2,4,2,2,4,2,3,1,4,4,3,4,4,5,1,5,5,3,2,5,1,2,3,5,4,1,1,1,2,4,1,5,5,32.14426299572496,74.84276052854307,79.8110025461854,1,3,1,2
3,4,3,2,4,2,1,3,4,2,5,4,1,4,5,3,1,1,3,1,2,1,2,2,1,5,3,1,2,1,4,1,1,4,5,4,2,1,1,1,2,4,2,3,4,5,1,1,1,2,2,4,4,4,1,3,4,5,2,5,1,1,2,1,4,1,5,1,5,5,20.9153118219056,91.73759590039892,85.290365018177,1,2,1,2
4,4,1,3,1,2,4,4,1,4,1,2,1,1,2,1,1,1,2,1,1,1,1,3,2,1,2,1,1,1,1,1,1,2,1,1,1,1,1,1,1,1,2,1,1,1,5,3,3,3,4,3,1,3,1,3,5,1,5,3,4,5,4,3,5,1,5,1,2,2,30.68058603969547,44.799716056538806,92.64172103743977,2,2,1,1
3,4,2,2,1,3,4,1,4,1,1,2,1,1,1,1,1,1,1,4,1,1,2,1,1,1,1,1,2,1,3,1,1,2,2,1,1,1,1,1,1,1,4,2,3,2,3,1,2,1,2,2,2,5,1,5,4,2,2,4,4,4,5,1,5,1,5,1,1,3,31.647678487815632,52.80131497636219,92.14503553024636,2,3,1,2
2,3,2,2,1,4,3,1,1,4,4,1,2,1,1,2,1,2,1,1,1,3,1,1,1,1,1,1,1,2,1,2,2,1,1,1,1,1,2,1,1,1,1,1,3,1,5,1,3,1,5,4,2,5,3,5,5,4,5,5,3,3,4,3,1,4,3,2,4,5,29.800127973335997,49.9125500141982,93.0623474602803,1,4,1,2
2,4,3,4,1,4,3,1,2,2,1,3,3,1,1,4,2,3,5,3,4,3,2,4,4,2,3,5,4,1,2,3,1,1,5,5,4,5,1,5,5,1,2,1,3,5,4,2,5,1,5,5,1,3,4,5,5,3,4,5,4,4,4,4,3,1,3,1,5,1,32.638738815526075,106.78071554614189,94.48640533006312,1,2,1,2
4,2,2,4,3,1,2,3,4,4,1,2,3,1,3,3,2,3,5,1,1,1,2,1,3,1,2,1,4,1,1,5,2,1,1,3,1,1,4,5,1,3,1,3,1,2,5,2,4,1,4,5,1,2,3,4,4,2,2,4,5,5,3,3,5,2,4,4,1,2,21.69010946492893,75.74011591618016,84.71384072720764,1,3,1,1
4,4,3,4,2,3,3,2,3,1,1,1,2,1,5,3,4,2,3,3,4,5,2,3,1,3,3,3,4,2,2,4,3,1,3,3,2,1,4,1,3,1,1,1,4,2,5,1,5,1,5,5,1,5,1,5,5,1,5,5,1,5,5,1,5,1,5,1,5,5,32.37328499989473,91.14154056738214,123.71191263494634,2,2,1,3
4,2,1,3,1,3,4,1,3,2,2,4,3,1,2,1,2,1,4,5,2,4,5,3,1,1,4,2,5,2,3,4,4,2,3,4,2,3,1,4,4,4,5,2,4,5,4,2,4,1,4,4,1,1,1,5,5,1,1,3,2,4,4,1,4,2,5,2,2,2,32.69581867536723,108.14661197713805,93.37369391502433,1,3,1,3
3,2,1,4,1,3,4,1,1,4,3,2,5,1,4,2,3,2,2,1,1,1,1,2,2,5,1,1,1,2,1,2,1,1,1,1,1,1,1,1,1,2,2,1,2,4,1,1,5,1,5,4,1,3,3,5,2,3,4,5,2,4,5,2,4,1,4,1,5,3,33.15049689804584,65.414444844636,97.55645662765477,1,3,1,2
1,3,2,2,4,3,4,1,3,3,3,4,4,4,2,4,1,2,5,5,1,1,1,4,2,4,2,2,1,3,2,4,3,4,2,1,1,1,3,2,2,1,1,2,1,2,3,3,5,1,2,5,2,1,4,2,2,3,1,5,3,3,5,1,5,3,3,3,2,1,25.106344676946122,87.44607694989075,76.07849970582865,1,4,1,3
2,4,4,3,1,4,3,3,1,2,5,2,3,5,5,5,4,3,5,3,5,5,5,5,4,5,5,2,5,5,4,4,4,4,4,2,5,4,5,3,4,4,5,4,5,2,4,3,4,5,2,2,5,1,5,2,1,2,4,1,4,5,4,2,1,4,4,5,3,1,29.9337932222542,148.75846592002551,58.1851445074858,1,1,1,2
4,4,1,4,2,1,4,1,2,3,1,1,1,1,1,1,1,1,1,1,1,1,1,1,1,1,1,1,1,1,1,1,1,1,1,1,1,1,1,1,1,1,1,1,1,1,1,1,5,1,1,5,2,4,2,5,5,1,4,1,3,2,4,2,5,2,3,4,5,5,33.34744101460672,27.715684677739347,90.74224823302369,1,1,1,3
4,4,1,4,3,4,4,1,3,1,1,3,4,1,3,1,1,2,2,2,2,1,2,1,1,1,3,2,1,2,1,2,5,1,2,1,1,2,3,1,3,4,3,2,1,2,3,2,3,4,4,5,2,3,1,1,3,2,5,5,5,4,5,3,2,1,1,3,2,4,35.62188665282032,70.22357925122529,80.92830634228314,2,2,1,2
1,2,1,2,1,4,2,2,4,3,2,5,2,1,1,1,2,5,3,3,3,4,1,5,4,5,5,2,4,5,4,3,4,5,1,4,1,4,2,5,5,3,2,1,5,1,1,5,4,4,5,3,5,2,2,2,3,5,4,5,1,1,4,2,5,4,5,2,2,1,25.431233312583288,112.9325635823206,70.52648291866839,1,2,1,3
4,2,2,1,3,4,4,1,2,1,3,1,1,1,3,1,1,1,2,4,1,2,3,1,5,2,2,2,1,2,3,1,4,4,1,4,1,1,1,3,5,4,4,1,4,2,4,1,3,4,5,4,1,5,2,1,2,3,2,5,2,5,1,5,3,2,4,4,1,5,30.6939429817402,81.80532492158878,79.63581293526727,2,2,1,3
4,4,1,4,1,4,4,1,1,1,1,2,1,1,2,1,1,1,1,3,2,2,2,1,1,3,3,1,5,3,1,5,3,1,1,4,1,3,1,4,1,3,1,1,4,1,4,4,2,3,4,5,5,2,5,5,5,4,5,4,4,5,1,4,4,5,4,2,5,3,41.58062147180839,71.90926638067903,76.16726105612143,1,4,1,2
4,4,3,4,2,3,2,2,1,3,1,1,3,1,1,2,1,1,1,2,1,1,1,1,2,3,1,1,3,2,2,2,1,3,1,1,1,1,1,4,2,4,2,1,3,3,4,2,5,2,4,5,1,4,4,5,4,1,2,4,4,5,5,3,5,4,5,1,3,5,30.524475095597683,61.933020259044696,96.85640456612748,2,2,0,3
2,4,1,1,3,2,3,3,1,4,1,4,2,2,5,3,5,4,1,4,1,1,2,3,1,3,4,2,1,4,2,1,3,3,5,5,1,2,1,5,2,3,1,1,1,2,5,4,3,2,2,4,3,5,4,5,1,1,3,5,3,2,3,3,3,1,5,2,4,4,24.99510190164728,91.2212981665624,85.1579649184117,2,2,1,2
4,2,2,4,2,4,4,1,1,3,1,1,1,1,2,1,1,1,1,1,1,1,1,1,1,1,1,1,1,1,1,1,1,1,1,1,1,1,1,1,1,1,1,1,1,1,5,5,5,2,5,5,2,4,3,2,3,2,4,5,2,5,5,4,3,4,5,2,5,3,34.361251181872085,37.05197647002303,91.63610180100248,2,4,1,2
4,4,3,3,1,2,2,3,3,3,1,3,2,1,1,4,5,2,4,1,4,1,3,1,2,2,1,3,1,1,1,3,1,1,1,2,1,1,5,3,1,1,1,1,2,3,5,1,1,1,4,5,1,5,3,5,3,1,5,3,3,4,5,1,3,1,4,2,5,5,26.788807521489232,71.36201048567503,101.55239672851897,2,2,1,2
4,2,1,4,1,4,2,4,2,1,1,2,2,1,1,1,1,1,1,1,1,1,1,2,2,1,1,1,1,2,1,1,1,1,2,1,1,1,1,1,1,1,1,1,1,1,5,2,5,1,4,5,3,4,1,5,3,1,3,4,1,4,4,1,4,4,3,1,4,5,31.75874508306358,41.71399908666983,101.18307837593103,1,4,0,2
4,4,1,4,1,4,4,1,1,1,3,1,1,1,2,4,2,2,4,4,1,4,1,3,1,2,3,3,2,3,3,1,2,1,1,1,1,3,2,4,3,1,4,1,5,4,4,2,3,4,5,4,2,5,5,4,4,2,5,5,2,3,2,1,1,4,2,4,2,2,41.45756073873616,83.6433238342502,79.4373000599528,1,1,1,2
4,3,3,2,2,3,2,1,3,3,2,4,5,4,2,4,2,5,4,4,4,4,2,2,2,5,3,2,4,5,4,4,5,3,4,3,1,5,2,5,5,5,3,3,1,5,3,2,3,4,1,1,3,5,2,2,3,2,5,3,3,4,4,3,1,3,3,5,1,4,26.7363434369242,126.56897177795643,69.95395032163765,2,2,1,2
4,3,2,4,1,2,3,1,1,4,4,4,3,2,1,4,2,1,2,3,2,1,4,3,5,3,1,3,5,2,4,3,4,1,3,3,1,3,5,2,3,1,5,4,1,2,5,3,2,1,2,4,3,1,2,5,4,3,2,1,2,5,1,3,2,5,5,1,2,4,31.978105353395346,99.55900435965044,75.58373844154299,2,1,1,3
2,4,1,2,1,2,1,1,2,2,1,1,1,1,1,1,1,1,1,1,1,1,1,1,1,1,1,1,1,1,1,1,1,1,1,1,1,1,1,1,1,1,1,1,1,1,4,1,3,5,5,4,2,5,2,5,5,1,3,2,5,5,1,1,4,3,4,1,1,3,29.13515123723976,-8.63731687260534,86.8827754746791,2,1,1,2
2,4,4,2,1,1,3,1,1,2,1,1,2,1,2,1,1,1,1,3,3,1,1,1,1,2,1,3,2,1,2,3,1,3,1,1,1,1,1,1,1,1,1,1,1,1,4,1,5,1,5,5,3,5,1,1,2,1,5,4,3,5,5,1,5,1,4,3,5,5,28.044821453759475,51.22270850543201,103.94696722674334,2,4,1,2
1,2,4,4,4,1,3,4,2,1,4,3,5,3,3,2,4,1,2,5,3,5,4,1,1,2,1,1,3,3,3,2,1,5,5,1,1,1,1,1,2,3,2,1,4,2,5,3,2,5,4,4,4,4,1,5,1,1,1,1,2,5,1,3,5,2,5,4,5,2,21.393741008350524,90.74667782368002,78.71395925249577,2,2,1,3
3,4,1,3,1,4,4,1,1,1,1,1,1,1,1,1,1,1,1,1,1,1,1,1,1,1,1,1,1,1,1,1,1,1,1,1,1,1,1,1,1,1,1,1,1,1,5,1,5,2,4,3,1,5,1,3,5,1,5,4,1,5,5,1,4,1,5,2,5,5,37.61184915793131,22.301708168125217,110.81640597640518,1,3,1,3
4,1,4,3,1,4,1,1,1,1,3,3,1,1,1,1,2,1,1,2,2,1,1,4,1,2,1,1,1,3,1,2,1,1,3,1,1,2,1,1,1,1,1,1,1,3,4,1,5,1,5,1,2,5,4,4,5,3,1,4,1,3,5,5,4,1,3,2,5,5,29.529155476878536,55.21007932699278,93.15662762449678,1,2,1,3
1,4,1,4,2,4,2,4,1,1,1,1,1,1,1,3,1,2,2,2,2,3,1,2,1,1,4,2,4,2,1,4,2,1,2,2,2,2,2,1,3,1,1,1,1,1,5,2,5,2,4,5,1,1,1,2,4,4,4,5,4,5,5,3,5,1,2,5,4,2,30.595671858466595,63.523930267854,89.05493106761001,2,2,1,2
3,3,3,4,3,2,2,3,1,2,2,3,4,2,4,3,3,1,2,4,3,2,2,1,4,4,2,1,4,5,5,1,1,2,4,1,1,3,4,2,4,2,1,1,3,1,2,5,4,1,4,2,1,4,2,2,5,1,5,5,2,3,1,1,4,1,3,2,2,4,27.295058622324454,92.11242118297977,88.3948868194485,2,4,1,3
3,4,1,4,1,4,3,1,1,1,1,1,1,1,1,1,1,1,1,1,1,1,1,1,1,1,1,1,1,1,1,1,1,1,1,1,1,1,1,1,1,1,1,1,1,1,5,1,5,1,5,5,1,5,1,5,5,1,5,5,1,5,5,1,5,1,5,1,5,5,38.4293786506512,25.971854559815952,120.44542499360836,1,1,1,2
1,1,2,3,4,4,1,4,3,4,1,4,3,1,3,5,4,2,2,3,4,3,1,5,2,4,5,1,2,4,3,3,4,2,2,3,4,3,3,1,5,4,1,4,1,4,2,1,2,1,1,2,3,5,1,3,5,1,1,4,2,1,5,1,1,1,2,2,3,1,18.445722524506014,106.26427367831397,78.76890818756533,2,3,0,2
4,4,4,4,1,1,1,1,1,1,2,1,1,5,2,4,4,3,2,1,1,2,1,1,1,1,1,2,1,2,1,1,1,4,2,3,1,2,2,1,1,1,1,1,1,1,1,4,1,1,4,5,5,5,1,5,2,1,5,3,2,5,3,5,5,1,2,3,5,5,31.058434985055413,61.74107938924399,86.94565936037796,1,4,1,2
4,4,3,3,3,3,2,4,3,1,2,5,1,1,5,1,1,4,2,4,3,4,1,1,1,1,2,1,3,1,2,1,1,1,1,1,1,1,3,1,4,1,2,5,2,2,5,4,4,3,4,5,2,5,3,5,4,1,4,4,5,4,4,3,4,3,5,2,3,4,26.686827108155242,73.44747419101387,92.24620931877855,2,3,1,2
2,4,1,3,1,1,4,1,3,2,2,1,2,1,1,1,2,1,1,1,3,2,1,1,1,1,1,1,3,1,2,2,2,4,1,2,1,2,2,1,3,1,1,2,1,4,2,2,3,2,5,5,1,5,1,5,4,1,5,3,3,3,5,1,2,2,5,3,4,5,31.487825862149982,58.67133621369551,98.51721993369912,1,4,1,2
4,3,1,3,1,4,1,1,4,2,1,4,4,3,2,4,3,2,2,1,4,3,4,3,1,2,1,3,5,1,3,5,4,4,2,1,5,5,2,2,2,3,4,3,3,2,3,2,3,3,2,5,2,5,1,4,4,3,3,5,4,3,4,2,5,1,1,1,3,5,31.207023890973883,102.55166698501215,89.77617925741009,1,1,0,2
2,4,3,2,2,3,2,2,3,3,2,1,2,1,3,3,4,5,1,2,4,4,2,3,1,1,1,2,4,2,1,1,1,3,2,5,1,1,4,2,1,1,2,1,4,1,5,1,3,4,5,1,3,5,2,4,4,3,2,5,1,5,4,5,5,2,2,2,4,4,24.789090661716397,78.95128633863604,89.0062737464304,2,2,0,2
3,4,2,3,1,4,1,1,1,2,1,4,3,1,5,5,1,1,2,1,1,4,1,3,1,1,5,1,1,3,3,1,1,1,1,2,1,1,5,1,1,2,1,3,2,3,3,3,5,4,5,5,2,5,2,5,3,2,5,5,1,1,4,1,3,4,4,3,1,4,32.91880525388188,74.42749982980355,89.89742758522095,1,2,1,2
4,3,1,3,2,4,4,1,1,1,1,1,2,2,3,1,2,1,1,2,1,1,1,1,1,1,1,1,2,1,1,1,2,1,1,1,1,1,1,1,3,2,1,1,3,1,5,3,4,1,2,4,1,5,2,4,5,1,4,5,4,5,3,1,5,3,5,2,5,4,36.68776854817937,48.790779184924354,100.51641728093972,2,3,1,2
2,2,3,4,2,2,4,1,1,4,2,2,1,5,3,2,5,2,1,2,1,2,1,2,1,1,1,4,1,1,2,5,2,4,3,2,5,1,4,1,1,1,4,2,1,2,5,1,4,1,3,5,5,5,2,5,4,4,5,5,1,4,3,2,5,4,4,3,2,5,28.329348554492178,80.06927500513602,95.09330433313754,2,4,0,2
3,4,3,4,2,4,4,2,2,1,5,3,1,1,1,1,4,2,2,2,1,4,2,2,2,5,1,4,3,2,4,3,1,4,5,2,4,1,5,2,3,3,1,5,1,3,5,2,4,5,4,5,2,5,1,4,5,2,5,2,1,3,4,2,5,1,4,3,5,5,34.133412353400196,95.37393216102471,99.65736861638193,2,2,1,2
4,4,2,4,4,3,2,3,2,1,1,4,5,5,4,2,1,3,5,2,4,1,4,2,5,4,4,2,3,1,3,2,3,1,3,1,5,1,4,1,2,2,5,2,3,3,3,2,2,1,2,4,1,1,3,4,5,5,5,5,4,5,2,5,5,1,1,1,1,3,29.58999018906614,102.77328265004681,79.28514268309314,1,3,1,1
3,2,4,4,1,4,2,2,1,1,1,1,1,2,2,1,2,4,2,4,1,1,5,3,1,1,3,1,5,3,1,3,3,1,1,2,2,1,1,2,5,4,1,1,1,2,1,3,3,4,5,4,1,3,2,1,5,1,3,5,1,5,3,1,5,2,4,2,1,3,31.3022898594746,75.26933170989125,88.30582177323278,1,2,1,1
4,4,1,4,3,3,3,2,3,1,1,1,1,1,1,2,1,2,1,1,1,1,1,1,1,3,1,2,4,1,1,2,1,2,1,2,1,1,1,1,2,1,2,2,2,2,4,1,5,1,5,5,1,5,3,5,4,1,5,5,1,5,5,1,5,1,4,3,4,5,32.83287897705295,51.76942653202694,112.15848464410067,1,3,1,2
2,3,3,2,2,3,4,4,2,4,2,1,2,1,1,2,1,2,1,1,4,1,1,1,2,1,1,3,1,1,2,2,2,1,3,1,4,1,2,1,3,2,4,1,2,2,4,4,3,4,5,5,2,5,4,4,5,1,2,5,1,4,5,5,3,2,5,1,4,5,23.78924623524213,62.65121836483432,94.41208661264295,2,2,0,3
3,4,1,4,1,2,4,2,1,3,5,1,1,1,1,1,3,3,4,1,3,4,5,1,5,3,1,1,5,1,3,4,2,3,4,1,2,1,2,5,3,2,2,2,2,2,4,1,1,1,3,4,1,4,5,3,5,4,5,5,1,5,5,3,3,2,4,2,4,5,33.942767500211005,90.41051083302096,93.55754980405457,2,4,1,2
4,4,1,3,4,2,4,2,2,4,1,1,1,1,2,1,4,1,3,2,1,1,1,2,4,2,2,1,1,1,1,2,1,2,3,1,1,1,1,1,1,1,1,1,3,4,3,2,3,1,5,5,2,5,3,4,2,4,3,4,1,5,4,2,2,5,5,3,4,4,29.402186571614482,57.938961638174234,88.91699792645504,2,3,1,2
2,4,1,1,3,4,4,4,4,2,4,5,5,2,3,2,2,3,4,2,5,4,5,3,5,4,1,4,4,2,5,1,1,3,3,5,4,1,3,5,5,1,3,4,5,3,3,3,2,2,4,1,2,1,5,5,2,4,5,3,1,4,5,4,3,2,1,3,5,3,25.646664072765454,120.87920552471368,75.32960769764192,2,2,1,2
2,4,4,3,1,1,3,2,3,3,2,2,1,2,1,4,2,4,2,1,2,2,1,2,1,5,3,5,3,1,5,3,5,3,2,2,1,3,1,1,4,1,1,2,3,3,5,1,1,2,4,5,1,2,1,4,3,1,2,2,3,5,4,1,3,1,1,5,2,4,24.808846752152157,85.75202828375876,84.84436664717276,2,2,1,2
4,2,3,3,2,2,3,2,4,2,1,1,5,1,2,2,1,2,3,1,2,1,1,2,3,3,1,2,1,1,2,2,2,4,1,2,1,2,2,1,1,2,1,2,2,5,1,2,5,1,2,5,5,5,1,4,3,5,5,5,2,3,4,1,1,4,5,2,5,3,26.287371292532747,67.75081860309463,86.77495695801151,2,2,1,3
2,3,1,4,3,2,4,1,1,3,1,4,1,1,1,3,1,2,1,3,1,4,1,2,2,2,1,1,2,4,1,1,1,2,1,2,2,3,1,1,3,4,1,1,2,2,5,1,5,3,3,4,3,4,4,4,4,2,3,3,4,4,5,5,3,1,2,2,5,1,30.854959616793398,65.56166807919683,83.70429507956445,1,2,1,2
4,4,3,2,3,4,3,3,1,1,1,1,1,1,1,1,1,1,2,1,2,1,1,1,1,1,1,1,1,1,1,1,2,1,1,1,1,1,1,1,1,1,1,1,1,1,4,4,4,2,4,4,2,4,4,2,1,4,5,1,2,1,4,1,5,4,1,1,3,5,30.782004858461484,38.74647087991663,78.09392341377698,2,2,1,2
4,1,4,3,3,3,3,1,4,2,5,4,1,4,1,2,1,5,5,1,5,3,2,2,1,1,1,1,2,3,4,2,2,1,1,1,4,2,4,2,1,1,4,3,4,1,3,5,4,3,1,5,5,4,1,5,5,2,5,4,2,5,3,4,5,1,2,1,2,1,25.413495309178977,87.3611198347965,84.11097665609856,1,4,1,2
4,4,1,4,2,4,4,1,2,1,1,1,4,5,1,3,2,2,1,3,3,4,1,1,1,2,2,1,2,4,1,1,3,1,2,5,2,5,1,3,2,5,2,4,3,4,3,4,3,2,5,3,4,4,3,5,2,3,3,5,1,5,4,2,5,2,2,1,5,3,37.80435378528989,87.61303497978473,89.29081157857686,2,3,1,1
4,1,2,4,4,4,2,1,3,1,3,1,1,4,1,2,3,1,3,3,1,1,1,1,3,1,1,1,1,1,2,1,1,1,1,2,1,1,1,1,2,1,2,2,1,1,5,3,3,1,3,5,5,4,3,5,5,4,4,5,4,5,4,4,2,2,5,1,3,3,29.36395195816529,55.013398993174256,88.35757527984548,2,3,1,2
2,3,3,4,2,3,1,3,1,1,2,4,3,4,4,1,4,1,2,4,5,2,2,3,1,2,2,1,4,4,2,4,1,4,4,2,3,3,3,1,5,1,1,2,2,4,3,4,1,2,2,4,1,4,3,4,2,1,1,2,2,3,3,4,4,4,4,4,3,5,27.840977879160164,96.77043121158808,73.65502768611785,2,2,1,2
4,4,2,4,3,3,4,3,3,1,1,5,4,1,5,5,4,4,4,1,4,3,1,3,5,5,5,4,1,5,5,2,3,3,5,1,2,4,4,2,3,4,4,2,2,4,4,5,3,1,2,5,5,3,3,1,4,1,3,1,1,5,3,2,2,1,4,1,4,3,32.40469175506573,120.25458191486959,81.13932771804917,1,4,1,2
2,3,1,4,1,4,2,1,4,1,5,1,1,3,2,1,2,5,2,5,2,2,4,1,2,5,5,3,3,1,1,5,3,1,4,1,5,3,2,5,1,2,1,4,4,1,5,1,3,3,4,5,5,4,4,2,4,3,4,3,5,5,4,1,2,3,3,1,3,2,31.740275778152288,97.72043827977811,80.77688014061995,1,3,1,2
4,3,1,2,2,1,4,1,3,1,4,1,3,1,3,3,3,1,1,3,5,3,1,2,4,4,1,2,1,4,1,1,1,1,3,1,2,3,2,2,3,4,1,1,1,4,3,2,4,5,2,4,2,2,5,5,4,1,5,4,1,3,4,3,5,1,2,1,5,2,30.737060157111916,80.75335114410885,87.1297733891329,1,1,1,2
2,3,2,1,4,4,2,2,3,1,1,2,2,3,2,1,1,4,1,1,4,1,2,1,2,4,3,5,3,3,4,2,3,1,5,2,5,2,3,5,2,1,1,5,4,4,2,1,4,4,1,3,1,4,2,5,2,3,2,4,4,4,3,1,3,2,5,1,4,4,25.10530220641998,94.94429194389465,84.67794648995147,1,3,1,3
4,4,2,4,1,3,4,1,1,1,1,4,1,2,3,1,2,5,2,2,3,3,3,3,2,4,2,2,3,1,1,5,1,5,2,4,1,2,3,2,2,1,4,4,2,3,4,1,5,1,5,4,1,5,1,5,4,2,4,5,1,5,5,1,5,1,4,3,5,4,37.66759794909505,90.86383026179713,111.34096814297496,1,3,1,3
4,4,2,1,4,2,3,1,4,3,1,2,2,2,4,2,5,4,5,4,2,5,4,2,1,1,5,3,4,3,5,5,1,1,3,5,3,3,5,5,4,2,1,5,5,5,5,3,4,3,1,5,2,3,5,1,1,1,5,1,3,3,5,1,4,2,3,5,3,5,25.13728313661126,119.18325866161635,78.38081991539087,2,1,1,1
4,4,1,4,1,4,4,1,1,1,1,1,1,1,1,1,1,1,1,1,1,1,1,1,1,1,1,1,1,1,1,1,1,1,1,1,1,1,1,1,1,1,1,1,1,1,2,1,3,1,5,1,2,4,1,5,5,1,5,4,2,1,5,3,5,3,5,5,5,4,41.83963794142577,29.905429356895837,93.58149097094756,2,2,1,2
4,4,3,2,2,4,3,4,4,3,1,1,1,1,1,1,1,1,1,1,1,1,1,1,1,1,1,1,1,1,1,1,1,1,1,1,1,1,1,1,1,1,1,1,1,1,5,4,4,3,3,4,3,4,4,4,4,2,1,4,1,4,4,1,2,2,3,2,3,3,26.08591345693405,30.910480974430882,84.03763382968344,1,2,1,2
4,4,4,2,3,3,1,3,1,3,2,5,5,5,2,1,2,2,3,1,5,5,2,1,5,3,3,5,5,1,1,1,2,4,2,4,2,4,1,3,1,3,2,2,1,2,1,2,5,1,5,5,3,1,2,3,5,4,1,1,1,3,4,3,5,1,5,2,3,1,25.183681923874055,98.36224712271648,82.75573285168774,1,2,1,2
4,4,1,4,1,4,4,1,1,1,2,1,3,3,1,1,5,1,4,1,1,4,5,2,3,3,1,2,1,3,2,1,1,3,1,3,1,4,1,3,2,4,4,2,3,3,4,1,4,2,3,3,1,2,5,3,4,4,5,1,4,1,5,1,3,1,5,1,5,5,40.06820475968774,84.7067203315201,87.40034263346408,1,4,1,2
2,2,2,1,1,4,2,4,3,2,5,2,2,5,3,2,3,1,1,3,1,4,1,1,4,4,5,2,2,5,1,3,5,5,3,4,4,5,5,4,3,2,2,2,4,2,4,5,4,3,1,3,1,5,5,1,3,5,3,4,5,2,2,4,4,4,2,3,3,4,24.396999761913875,110.09270186181001,64.32636653339792,2,4,0,3
4,4,1,4,1,4,4,1,1,1,2,4,1,1,4,1,2,2,1,3,1,3,3,3,2,1,1,4,4,4,5,1,5,4,5,2,4,4,2,2,1,2,2,1,2,3,4,2,3,3,4,5,5,5,3,5,5,4,5,5,1,3,4,5,3,5,3,3,5,5,39.815665393048576,91.89657933894412,87.2889033613016,2,3,1,3
3,4,4,1,4,2,4,3,4,4,5,5,5,5,3,2,5,5,5,5,2,3,3,5,4,4,3,5,5,4,2,4,3,5,4,4,1,5,5,5,5,5,3,5,3,4,2,4,2,4,1,5,1,3,1,3,4,4,5,4,4,1,1,1,1,3,3,3,1,3,19.79536039710521,146.13189870603912,67.62856415534694,2,2,1,2
3,4,1,4,1,3,2,1,1,1,1,1,1,1,1,1,1,1,1,1,1,1,1,1,1,1,1,1,1,1,1,1,1,1,1,1,1,1,1,1,1,1,1,1,1,1,5,3,5,1,5,4,4,4,2,4,2,1,5,5,4,4,5,1,2,1,3,4,5,2,36.462698777052275,20.579484934292758,92.92100632788615,2,2,1,2
2,4,1,4,1,2,2,3,2,2,4,1,3,1,5,1,2,1,1,5,2,3,4,2,1,2,2,2,3,2,2,4,4,1,3,1,1,1,1,2,1,3,3,3,5,3,1,1,2,1,3,3,4,2,5,3,5,4,5,5,4,5,4,3,5,3,5,2,3,2,29.500974941997,84.77937011948323,80.26098509297898,2,3,1,2
4,3,1,3,1,4,2,2,3,1,1,1,1,1,1,2,1,1,1,1,2,1,1,1,1,1,3,1,2,2,1,1,1,1,1,1,1,2,2,1,1,1,1,1,1,1,5,2,2,1,4,5,1,3,2,5,4,2,2,4,2,3,5,1,3,1,4,5,1,4,32.98929196902154,44.231297120588856,91.4639121656073,2,3,1,2
3,4,2,2,1,2,4,3,2,2,2,4,1,1,1,2,2,1,4,2,4,3,2,3,2,4,1,4,4,5,5,2,5,1,3,2,3,5,4,5,1,2,3,2,1,1,3,2,4,1,2,3,4,5,1,3,5,1,3,5,4,4,5,5,5,3,5,2,4,4,30.150802602668662,96.58940285138773,90.53971718776053,1,1,1,2
4,2,3,1,3,3,3,3,3,3,1,1,1,1,1,1,1,4,2,2,3,1,1,2,2,2,2,1,2,1,1,2,1,1,1,1,3,1,3,1,1,1,2,2,1,1,5,1,5,1,3,5,4,5,1,4,3,1,4,4,2,4,4,2,4,2,2,3,2,5,23.119239076899795,55.12246544021957,96.05852429866216,2,3,1,2
3,4,4,4,1,1,3,1,2,1,2,1,1,4,1,1,1,1,1,1,4,1,1,2,2,1,2,1,1,3,4,1,2,2,1,1,1,1,1,3,1,1,1,1,3,1,4,1,5,2,4,5,2,3,1,5,4,1,5,4,2,4,4,1,5,1,5,4,4,5,31.348308856420886,57.42031922301797,104.93866995750585,1,4,1,2
2,3,1,2,2,4,4,1,2,4,5,3,5,2,5,3,2,4,4,4,1,2,5,2,4,2,2,4,1,3,3,5,3,5,2,4,3,3,5,3,4,2,2,4,1,4,4,4,2,3,5,1,1,4,4,5,2,3,5,5,3,5,1,2,5,1,2,3,4,2,30.124702632935442,115.7236107657184,81.66290866432814,2,2,1,2
4,4,1,4,1,4,4,1,1,1,4,1,3,1,5,4,4,2,5,2,3,3,1,3,2,5,3,4,1,4,5,2,1,2,1,4,1,5,3,5,4,1,3,3,4,1,3,4,5,4,3,3,1,5,4,5,3,1,4,5,1,4,4,3,2,1,5,4,4,3,41.11071915917255,105.23036918805094,88.67825695028586,1,1,1,2
4,3,2,4,1,4,3,1,3,1,5,3,1,3,4,1,4,4,1,1,5,3,2,2,1,1,1,4,3,1,1,4,3,1,1,2,1,4,4,4,3,4,2,1,3,1,4,1,5,1,5,5,1,5,1,5,2,2,4,5,2,5,4,1,4,3,2,1,3,3,34.958911773065424,88.52138780189107,101.8464770903359,2,4,1,3
3,1,1,3,2,1,2,2,3,3,2,5,3,5,5,5,1,2,3,1,2,5,2,5,5,3,3,5,3,5,4,1,4,3,3,5,4,3,5,3,2,3,3,2,1,1,3,1,3,1,2,1,3,5,3,5,5,1,2,3,4,3,3,2,3,1,3,1,4,4,24.02134982564917,116.58473115002278,86.39303799849105,2,2,1,2
1,1,1,3,4,2,2,3,3,3,4,1,1,1,1,3,1,2,2,2,1,1,2,2,2,5,3,3,3,4,2,5,1,2,2,1,1,2,2,1,3,3,2,1,1,1,2,3,5,5,4,2,3,3,4,1,3,5,3,1,1,3,1,5,2,3,1,5,5,2,19.53777791044295,73.99320438809612,58.29381999138254,2,2,1,2
4,3,3,3,1,2,3,3,2,3,4,4,5,2,1,4,3,3,5,1,5,4,4,2,2,1,4,4,2,1,3,3,5,3,4,4,5,1,2,3,3,4,2,1,1,3,4,1,4,1,3,5,3,3,1,3,2,1,4,2,1,3,2,1,3,2,5,1,5,5,27.94971447183866,107.82770073825978,95.0140811956192,2,2,1,2
2,3,1,4,2,4,3,2,3,3,5,5,2,1,1,3,5,3,2,5,2,4,5,4,5,5,5,2,5,5,4,1,2,2,4,5,5,5,2,5,5,4,3,2,3,3,3,5,3,1,1,4,1,4,4,4,3,3,2,3,2,1,2,5,4,5,5,5,2,2,29.889854432603688,129.18885441329635,65.53195490398764,1,2,1,1
1,4,4,2,2,1,2,4,1,4,5,3,2,4,4,3,3,4,1,2,1,5,1,5,5,2,4,1,2,3,3,3,4,2,5,1,5,1,4,2,3,2,4,3,2,2,5,2,5,1,5,1,4,4,5,5,5,3,4,1,5,3,2,4,5,2,2,4,2,5,19.850441416170334,105.5702789436243,77.9792774326702,1,4,1,1
2,3,3,3,3,4,2,2,1,1,1,1,1,1,1,1,1,1,1,1,1,1,1,1,1,1,1,1,1,1,1,1,1,1,1,1,1,1,1,1,1,1,1,1,1,1,5,5,2,2,5,5,2,4,1,5,2,2,4,3,2,2,4,1,2,2,4,1,5,4,29.28669385723684,24.658664142386094,91.67540255611146,1,3,1,2
4,2,3,3,2,2,1,3,4,3,4,4,5,3,3,4,4,1,2,4,1,4,3,4,5,5,2,2,4,5,4,4,5,2,5,4,1,4,2,5,2,3,3,4,3,1,5,1,3,1,1,3,3,3,5,2,2,3,2,3,4,4,3,4,4,2,5,1,4,4,22.10355144546483,120.83101223699134,77.54745845834063,1,2,1,3
2,2,2,2,1,1,4,3,2,4,3,2,2,3,2,5,4,3,2,2,1,1,1,4,2,4,2,1,2,1,3,3,4,1,3,2,1,1,1,2,3,3,2,3,2,1,5,4,5,2,2,2,4,5,4,1,3,4,1,3,2,4,5,3,2,5,3,1,1,3,24.162799621165654,81.81982465852121,70.48013238356751,2,4,0,2
2,3,1,2,3,3,4,2,3,1,5,1,1,5,2,4,2,2,3,5,4,1,1,4,3,5,2,2,4,4,1,4,4,3,3,5,1,4,3,5,1,5,4,3,5,1,3,3,3,4,5,3,4,2,2,1,2,1,3,4,5,1,5,3,4,3,5,2,1,2,29.117338513557193,111.77143073613371,71.10696380023883,1,4,1,3
4,3,1,2,1,4,2,1,4,1,1,1,1,1,1,2,1,1,3,1,3,3,1,1,1,2,4,1,1,3,1,2,2,2,2,1,1,1,1,2,1,2,3,1,1,5,3,1,4,1,5,3,5,1,2,2,5,2,4,3,4,2,3,2,5,4,5,4,4,4,32.31827545412779,61.294490885779695,82.29148213241587,2,4,1,2
2,4,1,1,4,3,3,2,1,1,1,1,4,1,1,1,3,1,1,1,1,2,1,2,1,1,2,1,3,1,1,2,2,1,2,3,1,1,1,4,2,1,1,1,1,1,4,2,5,1,4,1,4,5,1,4,4,2,5,1,4,3,1,4,5,3,3,5,5,5,28.866837050638225,55.29755809573017,82.69868193718679,2,2,1,2
4,3,4,1,1,1,1,4,1,2,5,5,5,5,5,5,5,3,5,4,3,4,5,5,5,2,5,5,3,5,3,5,5,5,5,5,4,5,4,5,5,4,2,2,5,3,4,4,5,3,4,3,1,1,3,2,4,4,1,3,2,1,5,4,2,4,4,5,4,3,22.70559414061116,156.49630901392123,70.00730931707889,2,2,1,2
3,3,2,4,3,4,1,4,1,4,1,5,4,4,3,1,2,1,2,1,4,1,3,1,4,2,4,5,2,5,2,1,5,3,4,2,3,3,3,4,1,5,1,1,1,5,4,2,1,5,2,1,3,4,3,3,2,2,5,4,2,4,3,1,4,3,3,3,5,3,25.519220936186237,99.36095079140425,78.45217491860502,1,4,1,2
1,4,2,4,1,3,3,4,1,4,4,1,5,3,1,2,1,3,2,4,5,5,1,5,5,3,1,2,1,3,3,4,4,5,4,4,2,1,1,4,1,4,3,3,2,2,1,3,4,2,4,5,5,5,1,5,2,2,4,5,2,2,5,2,2,3,4,2,4,4,28.223294015496876,104.18983443098486,88.44278373761219,2,4,1,2
3,4,4,1,1,1,3,1,4,1,2,4,3,4,2,2,2,1,1,1,4,3,1,1,2,2,1,2,5,1,2,1,2,2,1,4,1,1,1,1,5,1,1,2,4,1,2,2,5,5,4,2,4,5,1,1,4,3,5,1,3,3,4,3,5,5,5,1,5,3,26.47502122854237,74.3568804323978,80.97114324821995,2,1,1,2
1,1,4,2,3,2,3,4,3,4,1,3,1,1,1,2,1,2,1,3,2,1,2,2,2,4,4,1,1,1,3,3,1,1,2,1,1,3,2,1,2,3,5,1,2,5,3,1,5,2,5,3,3,1,2,4,4,2,5,3,4,5,4,1,5,4,5,1,2,1,16.46982004810318,72.01687839524246,89.3993927347288,2,1,1,2
4,4,1,4,1,4,3,1,1,1,1,1,1,1,1,3,2,1,2,1,2,3,3,1,1,1,1,3,1,2,1,1,1,2,1,2,1,2,3,1,2,1,1,1,1,1,5,2,5,1,5,5,3,4,1,4,5,2,5,4,4,3,3,1,5,1,5,3,3,5,38.76234067101426,53.51406713732834,101.81399903271553,2,2,1,3
3,1,1,4,2,3,2,1,1,2,3,3,5,5,5,5,4,3,3,5,5,4,5,5,5,5,5,5,5,5,5,5,4,5,5,5,5,5,5,5,4,5,5,4,5,5,2,2,5,2,1,1,2,5,1,3,4,2,5,5,3,3,5,3,3,2,2,5,5,5,31.22933756263035,167.49264530166423,85.87500590758837,2,4,1,3
4,2,3,3,1,2,1,2,1,1,1,1,5,2,1,2,1,3,1,2,1,2,1,1,1,1,1,1,5,1,1,1,2,1,1,3,2,2,2,1,1,1,2,2,1,1,5,3,3,4,2,4,4,2,2,4,5,1,2,3,2,1,3,4,1,4,5,4,1,5,28.74886336201451,57.87374449785043,71.97639826632127,1,3,1,3
4,4,2,4,1,1,3,2,4,1,1,1,2,1,1,1,1,1,1,2,1,3,4,1,2,4,1,1,1,4,1,1,1,1,2,1,3,2,4,1,1,1,2,1,2,1,1,3,2,1,3,4,1,3,5,5,3,4,1,4,4,3,5,2,4,3,5,3,3,1,30.620545862485784,58.98439972893789,75.10894167931316,2,2,1,2
3,4,3,4,4,1,4,4,1,3,2,3,1,2,1,2,1,1,2,1,2,2,1,1,1,1,5,2,2,1,4,2,1,1,1,4,1,1,1,1,2,1,1,4,1,1,5,1,5,1,5,5,1,5,1,1,1,1,5,5,3,2,5,4,5,3,5,1,5,4,25.81943358408813,61.46327618999348,101.34657762000926,1,2,1,2
4,4,1,4,1,3,3,4,2,1,1,1,1,4,1,1,1,2,4,2,1,5,2,1,2,2,1,3,1,1,1,2,1,1,3,2,1,3,2,2,3,1,4,2,5,1,2,2,4,1,3,4,1,2,2,3,5,1,5,5,1,5,5,1,5,1,5,2,5,5,34.45096917350257,71.03058121053346,104.87593530850549,1,3,1,2
1,2,1,4,2,2,4,1,2,2,3,1,1,3,4,1,1,1,3,1,1,1,2,1,2,3,3,1,1,3,1,2,1,1,1,1,3,1,1,1,2,2,1,1,1,1,5,1,4,1,5,5,1,4,1,3,2,2,3,3,1,5,5,2,5,1,4,1,2,5,29.90834372264647,57.725992774898145,103.48356801620459,1,4,1,2
2,4,1,3,1,4,2,2,2,1,1,1,1,1,1,2,2,1,1,1,1,1,1,1,2,1,1,2,1,1,1,1,1,1,4,1,1,1,1,1,3,2,1,1,1,1,3,3,4,1,2,4,1,2,2,3,4,5,4,5,1,5,3,3,5,1,3,4,5,5,32.515189009239926,46.26838830641008,90.34694849353744,1,2,1,2
1,4,1,2,3,3,2,4,1,3,1,2,2,1,1,5,1,1,1,1,1,1,2,1,1,2,1,2,1,3,2,1,1,3,1,3,2,1,1,2,3,1,1,1,1,1,3,2,4,1,5,4,2,5,4,5,1,2,2,3,1,5,5,2,4,3,4,2,5,4,24.525756773641323,56.00381324318336,93.62087263669595,1,4,1,2
4,4,1,4,1,4,4,1,1,1,1,1,1,1,1,1,1,1,1,1,1,1,1,1,1,1,1,1,1,1,1,1,1,1,1,1,1,1,1,1,1,1,1,1,1,1,5,1,5,1,5,3,1,4,1,3,5,1,5,5,2,5,5,4,5,2,5,1,4,4,40.25598119144188,16.869214337087442,107.7759439222834,1,4,1,2
2,4,2,3,4,2,4,3,2,3,2,3,2,2,2,3,1,4,3,1,2,1,1,4,1,1,1,3,4,2,4,1,2,3,1,2,2,3,3,5,1,1,2,1,4,1,4,3,4,3,5,2,2,1,5,3,1,2,5,4,2,4,3,2,4,5,2,2,3,4,25.796447496336636,78.56952999664402,76.76935514745334,2,2,1,2
4,2,1,2,4,1,4,4,3,1,1,5,2,1,2,5,4,4,4,1,3,5,2,1,1,1,3,1,2,4,1,4,1,3,4,4,1,5,5,2,3,3,3,3,1,2,4,5,3,1,1,5,3,1,2,3,2,4,2,5,4,1,3,1,4,2,1,1,2,3,24.59143025173548,96.89667562955894,71.02834882772123,2,3,1,3
4,1,2,4,1,2,3,2,2,1,3,2,1,1,2,2,2,1,4,4,1,1,4,2,1,2,1,1,3,1,1,2,3,4,2,4,1,4,2,2,2,1,1,3,3,4,4,1,3,1,4,4,5,2,1,3,1,1,5,2,1,1,2,1,4,4,3,1,5,3,30.99893175420836,78.30722297814455,84.37694292266778,2,2,1,2
2,1,2,3,3,1,4,3,3,1,1,1,5,3,2,2,5,2,4,2,2,1,4,2,4,1,2,2,3,1,1,3,1,2,5,2,2,3,2,2,1,1,3,1,1,1,5,2,2,2,5,1,2,3,3,4,5,1,3,4,1,4,5,1,1,1,1,2,3,4,24.34532512145656,79.56669742507347,88.65144826140681,1,4,1,2
3,3,1,3,3,1,4,1,1,1,1,2,4,1,2,1,1,1,1,1,1,1,1,1,1,1,1,1,2,3,1,1,1,1,2,1,2,1,3,1,1,1,1,2,1,1,5,2,5,2,2,5,4,4,2,4,4,4,5,4,1,5,5,1,2,5,5,1,3,3,32.300600619909495,48.50818926011761,92.70624902663988,1,3,1,2
4,4,2,3,2,4,1,1,1,1,1,1,1,1,1,1,1,1,1,1,1,1,1,1,1,1,1,1,1,1,1,1,1,1,1,1,1,1,1,1,1,1,1,1,1,1,5,1,3,1,5,2,4,4,2,5,5,1,5,3,1,5,5,1,5,1,4,2,4,1,33.71528605452011,25.185100485346993,101.28995893589295,2,3,1,3
3,1,1,2,2,3,2,2,2,3,1,3,3,2,3,4,5,5,2,1,5,2,2,4,3,4,5,2,1,3,4,2,5,4,4,2,3,4,1,2,4,3,1,2,3,5,3,1,5,1,5,2,1,4,4,1,2,3,2,1,5,3,5,5,2,2,2,5,3,4,25.72877624196925,109.07447005125516,70.95795969448059,1,4,1,2
1,1,3,3,1,2,2,3,4,4,3,2,1,4,1,3,2,1,1,1,1,2,1,1,1,2,1,1,2,2,1,5,1,1,3,2,3,2,1,1,3,1,1,1,2,1,3,3,3,1,4,3,1,4,3,2,4,3,1,2,2,1,3,1,4,3,5,2,2,4,19.277158670503503,61.89077098236784,80.09818532812145,1,2,1,2
1,4,1,4,2,4,4,4,1,3,1,1,1,1,1,3,2,2,1,1,1,2,1,2,1,2,2,1,2,1,1,1,1,1,4,1,1,1,1,3,1,2,2,1,2,2,5,3,3,2,4,3,1,3,2,5,3,1,5,5,1,3,4,2,3,2,5,3,3,5,30.938302953189055,53.95891892720557,96.16419880488229,2,4,1,3
3,2,3,3,2,1,1,4,2,4,3,2,2,3,5,2,5,4,2,2,4,1,4,5,1,5,1,4,3,4,1,4,2,4,1,3,2,3,4,4,2,1,4,1,4,3,4,4,5,3,3,4,5,1,4,1,3,1,1,4,2,3,1,5,1,5,3,2,3,3,20.08688534284479,104.68674709092464,62.70445516920876,1,3,1,3
3,4,4,1,1,2,3,3,1,3,2,1,3,3,3,3,2,5,3,3,2,1,5,1,3,2,1,3,3,3,1,3,5,1,1,4,2,4,5,2,1,3,1,1,5,3,5,2,1,4,2,4,5,4,2,3,2,5,2,5,1,5,5,5,3,5,4,2,3,1,25.789706241017225,93.91777508265425,72.08879859012822,2,2,1,2
2,3,3,2,1,3,2,3,1,2,1,3,3,2,4,4,5,1,4,5,4,3,4,5,4,2,1,5,2,5,1,3,5,2,2,2,3,3,5,2,5,2,4,3,4,5,3,3,4,4,1,2,4,1,5,3,4,1,3,2,1,5,5,1,4,3,1,5,5,3,27.29934019813061,117.7092275401605,72.86476334379434,2,3,1,2
4,2,2,4,3,3,4,1,1,1,1,1,1,1,1,2,1,1,1,1,1,1,1,1,2,1,1,1,1,1,1,2,1,1,1,1,1,1,1,1,1,1,1,1,1,1,2,1,4,1,2,2,2,5,2,2,5,1,4,5,1,5,5,1,5,1,5,2,3,4,34.19145114480772,39.49424201776064,99.61666915804949,1,4,1,2
4,3,1,4,1,4,3,1,1,1,1,1,1,1,1,1,1,1,1,1,1,1,1,1,1,1,1,1,1,1,1,1,1,1,1,1,1,1,1,1,1,1,1,1,1,1,5,2,3,2,1,3,1,4,2,2,5,1,4,4,4,3,5,3,5,1,5,1,5,5,37.613517227594166,-7.411572523681954,95.65489862861557,1,2,1,2
3,4,2,3,3,4,2,1,1,1,1,1,1,4,1,2,2,1,2,1,4,3,2,2,2,3,1,3,2,1,2,3,1,2,2,3,1,3,3,1,2,3,1,1,1,2,1,2,5,2,2,4,1,5,1,5,3,1,2,5,1,4,3,3,5,2,5,2,3,2,32.73073321623195,69.66558829331423,92.86602142826457,2,4,1,2
3,4,4,4,4,2,2,2,1,3,1,2,2,1,2,3,2,1,4,5,3,5,1,3,4,5,1,5,3,3,2,2,3,2,5,3,1,4,1,1,3,2,4,2,2,1,4,5,5,3,2,2,1,5,4,4,4,5,5,5,3,5,3,4,1,4,1,2,5,5,26.059974211069374,94.37726924348897,79.12499095736956,1,4,1,3
4,4,1,4,1,4,4,3,2,2,5,2,2,2,1,1,3,1,4,1,1,2,1,5,2,2,3,1,2,1,1,1,1,3,1,2,1,4,4,1,3,2,2,3,2,2,3,4,5,1,5,4,2,4,1,5,2,1,4,4,1,5,5,2,3,3,4,2,3,2,36.067136596916946,74.58243993720158,94.52154506244052,1,2,1,2
3,1,1,2,2,3,4,3,2,3,1,3,2,1,3,4,2,3,3,2,1,1,1,2,2,1,3,2,1,4,1,1,1,2,1,4,3,5,3,3,1,1,1,1,1,4,5,1,3,1,3,2,1,1,1,2,2,5,3,5,2,4,3,1,5,2,4,5,2,1,27.145025399873344,75.23943841751071,79.84494871714601,2,4,1,2
4,3,1,1,4,4,3,1,1,1,1,1,1,1,2,4,2,1,1,2,1,4,1,1,1,1,2,1,3,1,5,1,1,1,2,3,2,1,4,2,1,1,1,4,4,1,5,2,5,1,3,5,1,3,2,5,4,1,5,2,4,3,1,1,4,2,5,2,2,2,31.69927276650722,65.95094965793999,91.75225611258132,1,2,1,2
4,4,1,4,1,4,4,1,1,1,3,4,1,1,1,2,1,2,5,5,4,2,3,1,2,1,1,1,3,3,1,1,1,1,1,2,3,3,2,4,4,4,2,1,1,3,1,1,4,3,3,4,5,5,3,3,5,4,5,5,2,5,5,2,4,2,1,1,5,5,41.19348041763052,79.66502077869731,91.41782262837152,2,2,0,1
3,3,1,3,1,4,4,2,1,1,2,1,3,3,1,1,1,1,1,3,1,2,1,3,3,1,1,2,1,1,1,1,1,1,2,1,1,1,1,2,1,2,1,2,2,2,5,1,3,2,2,2,5,3,1,4,1,3,5,4,5,4,2,1,2,5,5,5,3,3,36.25596391451898,55.11582047988368,74.07463478213093,2,2,1,2
3,3,3,1,2,4,4,3,4,4,1,2,3,1,1,2,1,2,1,1,1,1,1,1,1,1,1,1,1,2,1,1,1,1,1,1,1,1,1,1,1,1,2,2,1,1,3,1,2,5,5,5,4,3,1,5,3,1,1,3,4,4,5,3,4,3,4,2,2,3,23.777560663863166,43.84670724194322,82.17758676127225,1,4,1,2
4,2,4,3,1,3,3,3,1,1,2,1,4,1,3,5,4,4,5,2,5,2,5,5,5,5,3,3,5,3,4,1,1,4,5,3,5,3,5,4,3,1,5,5,5,5,5,4,5,5,5,4,1,5,3,5,5,1,3,3,2,2,3,4,4,2,2,5,1,3,29.575387174739394,131.3338276489397,81.66938855559206,1,3,1,1
4,1,3,2,3,3,3,1,2,1,5,1,4,2,2,5,5,4,5,4,4,5,1,2,2,4,5,4,2,1,3,2,1,5,3,1,2,3,2,2,4,5,1,5,1,3,4,1,2,4,4,3,3,2,2,1,3,4,1,1,5,1,5,2,1,5,1,2,2,2,28.233850760050338,110.337536499984,58.62989793834226,1,2,1,2
2,4,2,1,1,3,4,3,1,1,5,3,3,2,4,5,4,1,4,2,4,2,3,4,1,1,3,2,1,4,4,4,2,3,4,3,1,3,5,1,3,4,2,1,1,3,4,2,2,2,4,1,1,4,4,3,3,2,1,4,5,2,2,2,1,3,4,3,2,2,30.802138281026565,102.34273367651058,68.89084046869903,1,2,0,2
4,3,2,4,1,3,4,2,1,1,1,1,1,3,5,3,3,1,3,3,1,2,1,2,3,1,1,1,2,4,2,1,2,1,1,1,5,4,1,2,2,4,1,3,3,2,5,3,3,1,5,4,3,4,2,2,2,2,5,5,3,5,2,4,3,1,1,2,3,5,35.93142335202626,77.32769946619679,86.69198774988675,1,3,1,1
3,3,2,3,1,4,4,3,1,2,3,5,5,3,2,4,4,5,5,5,1,5,5,1,3,5,3,5,5,4,5,4,5,4,5,5,5,4,1,5,5,1,3,4,2,4,5,1,2,1,5,1,3,3,5,3,5,3,3,2,1,1,3,2,5,4,5,1,5,1,33.04538876955827,139.84565273867773,81.85956153409344,2,1,1,3
4,4,4,4,2,4,4,3,4,1,4,1,3,1,3,2,2,4,1,2,1,4,2,1,1,1,1,1,2,1,1,3,1,1,1,2,1,2,1,4,1,2,2,2,4,1,2,4,3,5,4,3,1,5,3,5,2,1,1,4,4,4,3,2,5,2,5,4,1,5,30.8733387004221,66.88126668800386,79.84185797409341,1,4,1,2
4,4,1,2,1,4,4,3,2,2,1,1,3,1,1,1,2,1,1,1,1,3,1,1,1,1,1,1,1,1,1,2,2,1,2,1,2,1,1,1,1,1,1,3,1,1,4,1,4,1,4,3,1,5,2,1,4,2,4,2,1,5,5,2,3,5,5,1,3,4,34.161198119692074,47.4169228752203,94.05477718996111,2,4,1,2
4,3,2,2,1,1,3,3,4,1,4,5,5,4,1,5,2,1,1,2,1,2,5,5,2,4,4,3,3,3,1,2,3,2,3,4,2,1,1,3,1,5,3,4,2,5,1,3,3,1,5,5,1,4,1,3,3,2,2,3,1,5,1,5,2,1,4,1,3,1,26.773489041351304,103.87751912013687,83.19644051190907,2,3,1,2
4,4,1,4,4,4,4,2,1,2,1,1,1,1,3,2,1,1,2,1,3,1,2,2,1,1,3,1,1,3,1,1,1,1,1,2,3,2,1,1,2,1,1,1,1,2,5,2,2,3,5,4,2,3,3,2,3,1,5,5,2,4,5,1,2,1,4,4,4,3,35.331512874606666,54.46518804683595,90.7017130074297,2,4,0,2
1,4,2,1,1,2,2,3,2,3,3,3,2,3,4,1,3,2,1,5,5,3,3,2,3,1,3,1,2,1,1,1,2,1,2,2,1,5,3,1,3,3,5,1,1,1,4,1,5,5,5,5,3,3,3,2,1,1,5,3,1,3,2,2,4,1,3,3,1,4,23.943178338171347,84.3554673106973,83.99796871935575,2,2,1,1
4,4,4,4,1,3,3,1,1,2,1,2,1,2,1,1,1,1,1,1,1,1,1,2,1,1,1,1,2,2,1,1,1,1,2,1,1,1,2,1,1,2,2,1,3,1,5,2,4,3,4,4,2,1,1,5,4,1,4,5,1,4,5,2,4,1,5,1,3,5,33.746923987122805,46.54026301728021,101.63932627802102,1,4,1,2
3,4,2,4,2,4,4,1,1,1,1,2,1,3,3,1,2,1,3,2,1,1,5,1,4,1,2,1,3,2,1,2,3,3,1,3,3,1,3,4,1,3,2,2,2,3,5,1,5,1,5,5,3,4,1,5,5,1,5,5,1,5,5,1,4,3,4,1,2,5,37.128169567741864,76.53421921833178,110.13478865263038,2,3,1,3
1,4,2,2,3,4,1,2,2,3,1,1,2,2,1,2,3,1,1,1,1,2,1,1,1,2,3,2,1,1,1,1,2,2,2,4,1,2,1,2,1,2,4,1,1,2,5,4,2,5,3,3,3,4,3,2,2,5,4,5,3,1,1,2,4,5,4,5,3,5,25.100899971893433,58.551865212213,67.31381247229947,2,3,1,2
4,4,2,4,1,3,4,1,1,1,3,1,1,3,1,2,5,4,1,3,2,3,2,1,3,5,1,1,2,4,2,2,4,4,1,2,4,1,2,3,1,2,1,1,2,1,5,1,2,1,5,4,5,4,1,5,3,5,5,4,4,4,4,5,5,1,4,3,5,4,37.921202723377924,81.49464254044815,91.2227567167606,1,2,1,2
3,1,1,2,1,4,3,2,1,2,2,2,1,1,1,1,1,1,1,1,1,1,1,1,3,1,1,2,1,1,3,1,1,1,1,1,1,1,1,1,1,3,1,2,1,2,5,3,3,1,5,5,1,5,1,5,5,1,5,5,1,5,4,1,5,1,5,1,5,5,31.052655589928122,47.33386030164261,114.79480732858462,1,4,1,2
2,3,1,2,1,4,1,1,1,3,3,4,4,1,5,4,1,5,1,2,1,3,1,3,3,1,2,1,2,1,5,1,1,3,1,3,1,1,2,5,1,3,4,1,2,3,4,2,4,3,4,5,5,5,2,4,4,1,5,4,1,3,1,5,5,2,5,4,5,5,30.201215223711333,84.84761961669531,92.29171753467735,2,2,1,3
3,1,1,4,1,3,2,2,1,1,5,1,3,3,3,3,2,1,5,1,3,1,2,1,4,3,1,3,2,5,2,3,2,1,2,1,1,2,2,2,4,4,1,2,1,1,4,5,5,2,1,5,5,3,2,5,5,2,4,1,5,4,4,5,3,3,4,4,5,5,32.18815800222321,83.24538744052974,79.26961074493839,1,2,1,2
2,4,1,4,3,3,2,1,2,1,5,1,4,3,3,5,4,1,1,4,1,5,1,5,5,5,5,5,4,3,5,4,4,3,2,5,4,5,3,3,4,3,3,3,5,5,4,1,5,4,4,3,2,5,2,3,5,1,1,5,1,5,4,1,4,3,3,1,2,3,32.13426995258242,130.93808081539123,93.69737153352571,1,1,1,2
4,4,1,4,1,4,3,2,1,1,1,3,1,3,2,1,1,1,1,2,1,1,1,1,2,2,2,1,1,1,1,2,1,1,1,1,2,1,1,1,1,1,1,1,1,1,1,1,2,5,1,4,1,2,3,3,4,1,3,4,1,2,5,2,5,2,5,1,4,5,38.46987463450881,46.71321651684037,87.19594467559355,1,3,1,2
4,4,2,3,2,3,1,2,3,2,2,4,1,5,1,5,1,3,1,2,1,1,2,1,2,4,4,5,2,2,3,1,5,2,1,1,2,3,1,2,1,3,5,2,2,4,2,4,3,1,4,3,2,4,1,5,5,2,5,5,1,5,4,3,4,2,2,2,5,2,28.760897659703033,86.85011251874782,94.4813844266563,1,3,1,2
4,3,4,1,1,1,1,3,3,4,3,5,5,3,5,5,5,5,2,5,5,3,1,3,5,4,4,5,5,5,5,3,5,5,1,5,5,5,5,3,5,5,1,5,5,5,1,3,3,3,5,3,3,4,2,1,4,4,3,2,1,5,2,4,2,5,1,4,1,5,19.91210656664017,150.8837494638214,66.65950215314568,2,3,0,3
4,2,4,4,1,1,1,2,1,2,3,1,2,1,1,1,1,1,1,1,2,1,2,1,3,1,1,3,4,2,1,1,1,1,1,1,4,3,1,4,1,2,1,2,2,1,4,5,5,2,2,4,4,4,3,3,1,4,3,5,4,1,5,2,2,5,2,1,3,2,27.060280350224144,60.40373949477315,69.82717120647966,2,4,1,2
4,3,1,1,1,4,4,1,1,3,2,3,2,1,1,3,1,4,1,3,2,1,4,1,1,1,4,3,2,4,2,2,1,1,1,1,2,2,1,3,4,1,1,1,4,3,2,5,4,4,2,3,4,2,2,2,2,2,3,4,1,4,2,3,5,1,5,1,1,5,34.12072799245076,74.17432565156045,77.1370444257843,2,1,1,2
2,3,2,4,1,1,1,4,4,3,1,1,4,5,1,4,1,5,2,2,1,4,4,1,4,5,4,2,2,2,2,5,1,1,2,4,2,2,4,1,1,4,2,2,1,3,4,2,2,1,5,4,3,5,1,3,4,2,1,3,1,5,4,1,1,2,5,1,5,3,22.156591450871307,91.86121236445408,94.19437414519456,1,3,1,3
2,2,2,3,3,4,3,1,2,3,1,1,1,1,1,1,1,2,1,1,2,1,1,1,1,1,1,1,3,1,2,1,1,1,1,1,1,1,2,3,1,1,1,1,1,1,3,2,5,3,3,4,4,2,3,4,5,1,5,5,5,5,3,3,5,5,4,3,4,5,28.00515354442378,43.99581291304018,86.53872600270667,1,2,1,3
2,1,1,4,2,4,3,2,4,2,1,1,1,1,1,1,1,1,1,1,1,1,1,1,1,1,1,1,1,1,1,1,1,1,1,1,1,1,1,1,1,1,1,1,1,1,5,1,5,2,4,5,1,2,2,5,5,2,4,5,5,4,4,5,3,2,5,4,3,4,27.930981137198035,9.938252435583848,92.91502767006484,2,4,0,3
4,3,3,4,4,2,3,3,2,1,1,5,3,1,5,4,2,4,3,2,3,2,3,4,1,4,3,1,4,2,4,1,5,4,5,2,2,4,4,1,5,2,5,2,3,1,5,2,2,1,5,5,1,5,4,5,3,2,2,5,1,4,3,1,5,3,3,1,4,5,28.167010844259558,106.68137139525561,98.72534025050884,1,4,1,2
3,4,2,4,1,4,4,2,2,1,1,1,2,1,1,2,3,3,1,2,1,1,1,1,1,1,1,2,2,3,2,4,3,2,2,2,1,1,1,1,2,1,1,2,1,3,4,3,1,1,3,3,3,5,2,4,5,2,4,2,2,1,2,2,5,1,1,2,4,2,35.83433765914104,60.14491454524398,82.16634810517051,1,3,1,2
4,4,1,4,1,4,4,1,1,1,1,1,2,1,3,2,1,3,1,1,2,1,1,1,1,1,1,2,2,3,1,1,1,1,1,1,1,1,1,1,2,1,2,1,1,1,3,2,5,2,3,4,1,4,1,4,5,2,5,3,1,5,1,2,5,1,5,3,5,5,44.00601497889417,49.46091534648346,101.01426690290951,2,3,1,2
4,3,1,2,2,3,1,2,3,1,1,1,4,1,1,3,4,1,1,3,1,4,1,1,5,1,5,1,4,3,4,2,4,1,2,2,3,4,2,5,4,1,2,3,3,2,1,1,5,4,5,5,4,2,5,3,4,2,2,5,2,4,3,4,1,1,4,2,4,5,29.335096371245424,89.52138011199497,82.48008780683033,1,2,1,2
2,3,2,3,4,1,3,2,2,1,1,1,2,1,1,3,1,1,2,5,3,1,2,1,1,3,2,5,3,2,4,3,1,3,5,2,4,4,1,1,1,1,1,2,1,1,4,4,2,1,4,2,5,5,1,5,5,1,4,2,4,2,5,1,2,4,3,5,5,5,26.231243312554437,75.78699176986696,82.95312934658531,2,2,1,2
1,3,1,2,1,1,3,2,4,1,3,1,2,2,2,1,1,3,2,1,1,3,3,1,3,1,3,4,2,1,2,2,1,3,2,2,1,1,2,4,2,1,1,3,2,2,4,1,3,3,5,2,5,5,2,1,4,4,2,2,1,3,5,1,5,3,5,1,5,1,26.402026991105615,70.60604222384515,85.1423445449428,1,4,1,2
3,1,3,3,1,1,4,1,3,1,3,2,4,5,5,3,3,5,2,2,4,4,4,3,4,4,3,2,5,5,4,3,3,4,5,3,5,5,1,3,4,5,4,2,4,3,3,5,1,3,2,5,5,1,4,3,3,4,1,5,5,1,1,5,2,1,3,4,1,2,28.03121474838693,130.18492272892422,51.51288831737998,1,2,1,2
4,2,1,2,1,4,4,1,1,1,5,2,3,3,2,2,3,2,3,1,1,4,3,4,5,3,2,2,4,5,5,5,2,2,4,3,1,1,1,3,2,5,2,3,4,2,1,5,3,3,3,2,4,2,4,4,5,1,1,5,4,1,5,5,3,5,3,3,4,5,35.636324699611585,104.08560246799867,66.67564084220493,1,2,1,2
3,2,4,4,4,4,3,2,2,1,2,1,1,1,5,1,1,1,2,2,4,2,1,1,1,5,3,3,2,2,1,1,2,1,1,1,1,3,2,4,4,3,3,1,4,5,3,2,4,2,4,4,3,1,2,1,2,1,2,5,3,2,2,4,1,3,1,4,4,4,27.535815602161534,77.61039511915133,70.31344400483249,2,2,1,2
2,1,1,2,3,2,3,3,1,2,1,3,1,1,2,2,4,1,2,4,2,1,1,5,1,1,1,2,3,1,1,3,1,1,1,2,1,1,1,1,4,1,1,1,1,2,2,1,4,2,5,5,1,5,2,5,3,1,4,4,2,3,5,1,3,2,4,1,4,4,25.078152214626492,62.45356676220098,101.26296231420929,2,4,1,2
3,3,3,4,2,4,4,1,1,1,2,1,3,2,5,5,3,2,1,5,1,5,4,5,3,1,1,3,3,2,4,3,1,3,5,3,2,2,4,5,2,4,2,5,4,1,3,1,5,2,4,5,4,3,1,3,5,4,4,3,3,5,2,2,4,1,2,1,5,5,34.75618613021007,106.98050804130277,92.89231371991164,2,2,0,3
2,4,3,2,3,1,3,2,3,3,4,2,1,1,3,3,3,2,5,1,5,2,3,2,3,1,1,3,4,5,2,2,1,1,2,1,3,3,3,1,3,2,3,1,1,1,3,5,1,4,5,2,3,1,2,5,4,2,3,5,1,4,5,1,4,4,2,1,5,4,23.094332657809343,84.14173281382733,84.44910824348307,2,2,1,1
1,1,1,2,1,2,2,4,2,2,4,1,5,5,4,4,3,4,2,3,2,3,4,1,4,1,4,1,3,1,5,5,5,5,3,3,4,4,2,5,3,5,4,2,4,3,4,4,3,2,5,4,3,1,2,3,4,2,1,2,5,3,1,5,5,2,4,3,2,4,22.568627588988313,120.93004872076358,71.97416257661529,1,3,0,2
2,2,1,3,2,1,4,3,1,3,3,3,4,5,2,2,4,1,3,1,2,3,4,3,4,1,2,5,5,3,1,1,4,3,3,4,3,4,3,3,5,4,2,4,3,2,3,1,3,5,5,2,2,4,2,1,5,3,5,3,4,1,4,1,3,1,4,1,3,4,27.3543232049741,109.10303391074916,84.03634023689531,2,4,1,2
4,3,1,3,4,2,2,2,4,1,4,3,2,3,2,1,3,3,4,4,3,4,3,4,5,2,4,4,2,2,5,2,5,1,5,5,4,1,5,5,1,5,4,5,3,4,1,3,3,1,4,3,5,4,5,5,2,4,5,4,4,1,5,5,4,2,3,5,1,3,27.43257594935807,121.77112185875878,67.50116471467828,1,2,1,2
3,4,1,4,2,2,2,2,1,1,1,2,1,2,5,1,2,5,5,3,3,1,4,3,5,2,4,3,4,1,2,4,1,2,5,1,1,1,2,2,1,3,5,1,2,2,5,5,5,1,4,5,5,2,5,1,5,1,4,2,3,2,5,2,4,1,4,2,3,3,32.9502389968198,91.96154600645748,83.40245909311909,2,2,0,2
3,4,4,4,1,2,3,3,1,1,1,1,1,1,1,1,1,1,1,2,1,1,1,1,2,1,1,1,1,1,2,1,1,1,4,1,1,1,1,1,2,1,1,1,1,1,5,1,3,1,5,5,1,2,2,5,4,1,5,5,1,2,3,1,5,1,3,5,5,4,31.31339785551777,43.08939852902626,100.70625617517113,1,2,1,2
3,2,1,2,2,4,3,3,4,1,1,3,1,1,4,1,2,1,1,2,2,1,1,2,2,2,1,4,3,2,1,3,3,3,2,1,1,2,2,4,1,4,2,2,1,2,5,1,3,2,3,3,1,4,2,3,4,4,5,5,3,5,5,1,5,1,1,4,5,5,28.42700754520595,71.07965548363617,95.88947225491131,2,2,0,2
3,3,3,4,4,2,3,1,3,4,1,2,1,2,1,2,1,2,1,1,1,1,2,1,1,3,1,1,2,1,2,2,1,1,2,2,2,1,1,2,2,3,1,1,1,1,3,3,4,4,1,3,2,2,3,5,1,4,3,2,3,1,4,1,4,1,4,3,1,3,25.493136865183434,52.88887384374109,70.5528437197968,1,2,1,2
3,3,2,1,1,4,4,1,1,2,1,1,1,1,1,1,1,2,1,1,1,2,1,1,1,1,1,1,1,1,1,1,1,1,1,1,1,1,1,1,1,1,1,1,1,1,5,2,5,1,4,5,4,4,3,5,5,1,5,4,1,5,5,1,5,1,5,1,5,5,32.894177656114636,38.36122940297635,110.7066826065945,1,3,1,2
3,1,3,1,2,1,2,4,4,2,4,4,5,5,2,5,4,5,5,5,3,5,5,2,4,4,5,4,4,5,5,5,5,5,5,5,5,4,4,4,5,5,5,4,5,5,1,3,1,3,4,2,4,2,3,3,1,1,5,2,5,1,3,4,4,4,5,4,5,5,17.71236092720727,161.08050258598152,67.15527493057508,2,3,0,2
3,2,1,4,4,1,3,1,1,2,3,2,2,1,1,3,2,1,3,2,1,1,3,1,1,2,2,1,1,3,2,1,4,2,2,1,1,2,3,1,4,2,4,1,2,1,2,1,2,1,5,3,2,5,1,3,5,2,3,4,3,2,4,2,2,3,3,2,5,5,28.925110154539414,69.21812079805875,90.18559878596398,1,3,1,3
2,1,3,3,1,3,4,3,1,1,5,2,3,5,2,4,1,1,1,5,1,2,3,5,1,3,5,5,4,1,5,4,5,2,4,3,3,5,5,2,2,2,5,5,4,1,5,3,4,1,2,1,1,1,2,3,1,4,5,5,1,4,4,1,1,1,2,4,2,5,29.25879237908735,115.67321720124866,81.44016659073505,1,2,1,3
4,4,1,1,2,1,1,1,1,1,1,1,1,5,1,3,2,2,2,3,2,2,1,1,2,1,1,2,1,5,2,2,1,1,1,2,1,2,3,3,1,3,4,2,1,3,2,1,4,2,2,3,2,3,2,5,3,3,3,3,3,5,5,1,3,2,4,1,4,1,30.320280965729133,70.98764001656987,86.59836799475386,1,4,1,2
4,4,3,2,2,4,2,1,3,1,1,1,1,1,1,1,1,1,1,1,1,1,1,1,1,1,1,1,1,1,1,1,1,1,1,1,1,1,1,1,1,1,1,1,1,1,5,1,3,1,1,5,3,1,2,1,4,1,1,4,4,4,3,1,4,5,1,1,5,3,31.209860650403307,30.177012222710417,80.16041139645988,1,2,0,2
3,4,1,3,1,3,3,1,1,3,2,1,3,3,4,4,2,1,1,1,3,2,4,2,1,1,1,2,1,3,2,5,3,2,1,2,1,1,1,3,1,3,3,1,3,4,5,3,4,5,5,3,2,2,1,5,4,1,4,5,2,2,4,3,3,4,5,3,1,5,33.669406171688024,78.08211352607645,87.0588434163425,2,4,1,2
1,3,1,3,1,1,3,1,2,1,5,2,4,1,2,1,5,1,3,4,2,1,1,2,1,2,4,3,3,3,4,2,3,3,1,1,3,2,5,3,4,3,1,2,2,4,4,5,1,4,3,5,1,4,1,2,2,5,5,4,3,5,1,4,4,4,5,1,4,3,29.575475024969958,93.21825970952077,78.31273417553814,2,3,1,3
3,1,3,2,3,3,4,3,3,1,4,5,1,1,1,1,2,5,1,2,2,2,3,2,3,1,1,4,3,1,2,5,5,5,5,1,4,4,2,3,5,1,3,3,5,2,3,3,4,1,1,5,5,5,4,2,5,3,4,1,2,2,2,1,1,5,4,4,1,4,25.075395716201562,99.9322118559601,69.56474016279748,2,2,1,2
3,2,2,3,1,4,4,3,1,2,1,1,1,1,1,1,1,1,1,1,1,1,1,1,1,1,1,1,1,1,1,1,1,1,1,1,1,1,1,1,1,1,1,1,1,1,4,3,5,2,5,5,2,2,1,4,5,1,5,4,1,5,4,2,5,1,5,4,5,4,31.77722035178176,28.999366288160616,103.98905187901434,2,3,0,2
4,3,2,3,1,4,4,4,3,1,3,1,1,1,5,3,4,2,3,1,1,1,2,2,4,1,1,3,1,1,1,1,5,4,4,1,3,1,2,3,1,5,2,3,5,2,3,4,3,3,5,4,1,5,1,5,4,2,5,4,1,3,3,3,5,1,4,2,2,5,32.14064739296673,84.2842514322092,96.41272882544324,1,2,0,3
4,4,2,4,1,4,4,1,1,1,1,2,5,1,3,1,1,2,1,2,2,5,2,4,3,5,4,5,1,1,5,4,2,1,1,2,1,2,1,5,1,2,1,3,4,3,2,2,1,5,2,4,3,3,4,2,4,3,5,1,2,5,4,2,4,2,2,4,3,4,38.87816524499297,89.4673162590937,73.47355027980045,2,3,1,2
4,3,3,1,4,1,4,2,4,3,3,2,3,1,1,2,1,1,1,3,2,3,1,1,5,2,4,2,1,5,1,2,1,3,5,2,1,2,2,3,3,3,2,3,3,3,4,2,3,4,2,3,4,5,1,2,3,4,4,5,4,5,3,1,4,3,3,5,5,2,22.24414758068038,83.35559001610345,79.35591257891238,1,1,1,3
3,3,2,4,1,3,4,3,2,2,2,3,1,2,2,1,2,2,3,1,1,1,1,1,2,1,1,1,1,1,1,2,1,1,3,2,3,2,1,1,1,2,1,2,1,1,5,4,5,2,2,4,1,1,1,4,1,1,5,4,1,5,5,4,5,2,3,3,4,5,32.39516057978439,55.49832287897321,92.69823646053493,1,2,1,2
3,2,1,1,3,4,1,1,3,3,3,3,1,2,2,1,1,1,1,2,2,1,1,2,3,2,1,5,1,1,3,3,5,1,3,1,3,2,2,2,4,5,1,1,2,2,1,5,1,1,4,5,5,5,2,1,1,1,2,2,2,4,5,3,3,5,5,3,2,1,25.204860862047518,76.45637808320419,68.6304710251882,2,4,1,2
4,2,4,1,4,4,4,4,2,2,2,1,2,1,1,4,1,2,2,3,2,1,1,1,2,1,2,1,1,1,2,1,2,1,1,1,3,1,2,1,1,1,2,1,2,4,2,2,2,2,3,5,4,3,3,4,4,5,3,2,5,4,3,5,5,2,5,2,4,2,24.25682135639148,57.557624821201685,74.62070184686706,1,2,1,2
3,4,1,4,1,1,4,1,1,2,1,1,1,1,3,1,1,2,1,1,2,1,1,2,1,1,2,1,1,1,1,1,1,1,1,1,1,1,1,1,1,1,1,1,1,1,5,1,5,1,5,5,1,5,1,5,5,1,5,5,1,5,5,1,5,1,5,1,5,5,35.42245814483137,41.63880635990145,120.8417306870126,2,4,1,3
4,2,4,4,1,2,4,2,1,1,4,1,2,2,3,3,1,3,3,1,2,2,1,3,4,2,4,1,2,2,2,2,2,4,4,1,2,3,1,2,2,1,1,3,4,2,3,2,4,4,4,2,3,2,1,3,2,1,5,1,2,4,3,1,1,3,2,4,5,5,32.25767890063262,81.95442333158226,78.8346317314196,1,2,1,3
3,4,1,4,1,1,2,1,1,2,1,1,3,1,2,1,2,2,1,4,2,1,2,2,3,1,2,1,1,1,2,1,1,1,1,2,1,2,2,2,1,3,1,1,1,1,5,1,5,1,4,2,2,4,1,5,5,4,5,4,4,5,1,3,3,1,5,2,3,2,33.42679541048891,57.26688655645118,92.64563370638977,2,3,1,2
4,4,1,4,1,4,4,1,1,1,1,1,1,2,1,2,1,1,1,1,1,1,2,2,1,2,1,1,1,2,1,1,1,1,1,1,3,1,1,2,1,1,1,1,1,1,5,1,5,1,5,5,1,5,1,4,5,1,5,5,2,2,5,1,5,1,5,2,4,5,43.931034626648426,45.191476683502714,112.61700952822804,2,3,1,2
2,4,4,3,4,4,3,1,3,4,1,4,2,1,1,5,3,5,2,2,4,3,2,5,3,5,2,2,2,1,1,2,2,3,3,2,2,3,3,4,3,4,2,1,1,1,5,2,5,3,5,4,2,3,1,4,2,2,4,5,1,2,3,1,5,3,5,2,5,4,25.499729725834136,92.2677611388948,97.78158961213676,2,3,1,2
4,3,3,2,1,3,2,4,1,4,5,5,5,5,5,4,1,3,5,3,3,5,5,5,3,1,3,4,4,4,4,4,3,5,5,3,4,5,5,5,5,4,2,4,5,3,3,1,4,5,5,4,5,4,2,2,2,1,4,4,4,5,4,1,3,2,1,2,3,2,25.930169737057096,144.19900243399388,80.77802504503349,2,2,1,3
2,2,2,2,4,3,4,2,1,3,2,5,3,2,3,2,5,4,1,2,2,4,3,4,5,4,2,1,5,3,3,4,2,2,5,5,1,5,1,1,5,1,2,5,3,2,4,1,2,2,1,4,1,5,5,3,5,1,3,3,3,5,2,1,2,1,5,5,5,5,26.29447537338318,109.45621401010824,88.30993218638768,2,2,1,2
3,3,1,3,1,4,4,4,2,1,1,1,1,1,1,1,1,1,1,1,1,1,1,1,1,1,1,1,1,1,1,1,1,1,1,1,1,1,1,1,1,1,1,1,1,1,5,1,3,5,2,5,2,2,2,2,5,2,4,4,3,4,1,3,4,2,5,1,4,5,32.98341808802508,29.82962350626628,87.67781399482752,1,1,1,2
4,3,3,4,2,3,2,4,1,3,2,4,2,1,2,1,2,1,1,1,2,1,2,2,4,2,5,2,2,1,2,2,5,1,3,4,4,4,4,2,2,1,1,5,1,4,5,4,5,1,3,5,1,5,4,4,4,2,4,4,3,2,3,1,5,5,3,3,4,4,28.073341748986564,84.80757647295219,89.58540213368543,2,2,1,2
1,4,3,2,1,4,3,2,2,1,1,1,1,1,1,1,2,1,1,1,1,1,1,2,1,2,2,1,1,1,1,1,1,1,1,2,1,2,1,1,1,1,1,1,2,1,4,1,5,1,5,1,3,5,2,3,3,2,4,2,1,5,4,2,4,4,5,1,3,5,30.475035287376155,42.73504525191923,94.7777901356749,1,3,1,2
2,2,3,4,1,4,4,1,2,1,1,2,3,4,1,5,3,2,4,1,1,1,2,1,5,3,2,1,5,5,5,2,1,1,3,2,2,3,2,5,5,2,1,2,2,1,4,2,5,3,5,4,2,4,1,2,4,1,5,5,4,5,4,4,5,1,4,3,4,4,32.9200223109504,91.08040350961446,97.07712483999134,2,4,1,2
4,3,1,4,4,3,4,1,1,2,5,4,3,2,4,1,2,3,3,2,5,2,5,1,2,2,3,1,2,2,2,2,1,1,3,2,1,5,3,2,1,2,2,1,2,1,3,4,5,1,1,5,2,5,3,5,2,2,5,1,1,4,5,2,2,4,5,1,5,1,34.18145420401469,85.09261426862001,87.63643056877535,2,4,0,2
2,2,4,2,3,2,4,4,3,3,3,5,3,4,1,5,4,4,5,3,2,5,5,4,3,1,3,4,5,2,2,4,3,2,1,2,2,5,4,4,4,4,2,1,3,5,3,4,5,5,4,3,5,1,3,3,2,3,3,1,2,3,5,2,2,2,5,3,5,5,20.090043371773636,118.89700776957807,74.65990949721763,2,4,1,1
4,4,3,4,4,3,4,3,1,2,1,1,2,1,1,1,2,1,1,1,1,1,1,1,1,1,1,1,1,1,1,1,2,2,1,1,1,2,2,2,1,1,1,1,1,1,5,2,4,2,4,4,4,4,3,3,1,3,4,4,2,4,4,5,5,1,3,4,3,1,31.00526901461563,43.11183628500562,80.87390183842362,1,4,1,3
4,2,1,4,3,4,4,1,2,1,1,1,2,1,3,2,4,2,1,1,3,2,3,1,1,1,2,1,1,1,1,2,1,1,2,5,1,1,2,3,4,3,1,1,4,2,5,3,4,2,5,4,3,3,1,5,5,2,5,2,1,3,5,2,3,2,5,4,5,5,35.419696532235676,67.74249915886118,98.28476663131725,1,3,1,1
4,4,1,1,2,3,1,2,2,1,3,3,1,1,2,2,3,2,1,2,1,2,5,1,5,3,5,3,1,4,2,2,2,1,3,4,1,2,2,2,1,4,2,3,1,2,3,1,4,1,4,3,1,1,1,2,4,2,5,3,5,5,5,2,4,1,3,2,5,5,29.631303592145745,83.96483154151223,94.03454510210841,2,2,1,2
3,3,2,3,4,2,3,2,1,3,3,3,1,1,4,2,1,4,3,4,3,1,2,3,3,2,3,4,4,3,2,2,3,1,1,2,4,3,5,1,4,4,1,2,2,2,5,5,3,1,1,4,1,2,1,1,2,4,4,4,5,4,5,1,1,3,2,1,3,4,26.556672888215974,93.42920902350959,76.65062013432681,1,4,1,3
3,1,2,1,1,2,4,2,1,3,5,4,1,1,5,2,3,3,1,1,2,1,2,3,1,3,5,2,3,4,2,3,1,2,2,3,1,4,2,1,2,2,1,1,1,1,4,2,5,1,5,5,3,5,1,3,3,3,4,1,5,4,5,4,4,2,1,4,4,3,27.017268991020494,80.67160196357561,85.41058197811773,1,3,0,2
4,4,3,2,2,4,3,3,3,4,3,4,5,4,4,5,2,2,3,2,5,4,3,4,4,5,5,5,4,1,5,5,4,4,2,1,3,3,4,2,1,2,5,3,4,4,4,5,2,2,3,2,2,1,5,2,1,2,2,1,1,3,2,3,4,2,4,3,5,3,26.767325949438828,126.17282466018224,68.20560692639755,1,3,1,2
2,4,2,4,3,2,4,3,3,2,2,2,4,3,5,2,1,2,3,5,3,3,1,2,1,1,2,4,2,1,1,1,2,2,2,2,1,3,2,1,1,1,1,1,2,1,3,1,5,2,3,5,1,2,4,5,3,1,5,4,1,4,5,2,5,3,3,1,4,5,28.415883519984252,73.48745579258761,99.44521896703911,2,2,1,2
3,4,1,1,1,2,4,1,2,3,1,1,2,5,5,3,1,2,5,4,1,3,1,5,3,4,2,1,5,5,2,1,3,4,5,5,4,1,1,4,5,3,5,2,4,2,4,1,3,4,1,1,2,2,1,2,3,4,1,3,4,2,3,4,5,1,3,4,4,2,30.581523763202515,110.37087741190386,67.57192990298029,2,2,1,3
3,4,4,4,2,4,4,4,1,2,5,1,4,1,2,2,4,2,5,5,1,2,1,2,2,5,4,4,3,3,3,3,1,3,3,5,1,5,1,5,2,2,4,3,2,4,5,3,4,1,4,5,3,2,4,1,4,1,5,4,3,4,4,5,4,5,3,2,3,5,30.97969107898223,105.31264671476924,83.87969521754059,1,2,1,2
1,4,1,4,3,4,4,1,1,1,3,1,1,1,1,1,1,2,2,1,1,1,2,1,1,1,1,2,2,3,4,2,3,1,1,2,2,1,1,1,1,1,1,2,1,1,4,1,3,5,5,4,1,3,2,4,5,1,5,5,2,5,5,1,5,1,5,1,5,5,35.489323912414854,53.86853046624883,107.30903388667406,1,4,1,3
4,4,1,4,1,4,4,1,1,1,1,1,1,1,1,1,1,1,1,1,1,1,1,1,2,1,1,2,1,1,1,1,1,1,1,1,1,1,1,2,1,2,1,1,2,1,4,1,3,3,4,5,5,3,5,5,4,1,5,4,2,5,5,2,5,1,5,4,4,5,42.455821182686414,41.16721749197546,96.41063041800038,1,3,1,1
4,3,2,4,1,4,4,1,1,1,4,5,2,2,2,1,5,1,4,5,2,5,3,1,4,2,4,2,2,3,1,5,3,3,2,5,3,1,5,5,1,3,5,5,2,1,1,1,2,3,5,4,1,5,3,3,4,4,3,2,5,4,5,1,3,1,5,2,1,3,37.68025465850079,108.62470914341363,82.83121287928242,2,2,1,2
2,2,1,2,1,3,3,3,1,4,2,4,3,2,3,1,1,3,5,1,1,4,2,2,1,3,1,3,4,2,1,5,4,1,3,3,3,1,1,1,2,2,1,2,1,2,1,3,1,5,5,4,2,3,3,5,2,1,2,3,5,3,3,4,5,3,1,5,5,4,27.098090325207558,81.25840519600109,70.09379368226992,2,4,1,2
2,2,3,4,3,4,2,2,3,4,1,2,3,1,1,5,1,1,1,5,2,1,2,1,2,2,1,2,4,1,2,3,2,2,1,1,1,3,3,2,1,1,1,2,2,1,5,2,3,1,2,3,3,3,5,5,3,5,5,4,5,1,3,1,5,1,2,3,1,2,24.282697108042665,67.4625376348814,75.34600860027527,1,2,1,3
3,4,2,3,4,4,1,3,1,1,3,5,2,3,2,1,5,1,3,4,4,1,1,5,1,2,1,2,1,3,2,1,1,4,3,2,4,3,3,1,2,3,3,1,5,3,5,2,5,1,4,4,2,5,2,5,5,2,2,3,1,5,4,1,5,1,4,4,4,1,29.275453302310314,90.70435908063334,98.82941497892713,1,2,1,2
4,1,4,4,1,2,1,4,3,1,4,5,5,2,4,2,5,5,4,2,5,5,5,3,4,5,4,5,5,1,1,5,2,2,1,4,4,3,4,4,2,3,2,4,1,4,5,2,1,5,4,5,3,3,1,1,1,4,3,2,1,4,1,3,5,4,3,1,4,1,23.832529739597923,125.60431768878982,72.60581194703707,1,1,1,3
4,2,2,4,1,1,4,3,2,3,1,3,1,5,1,4,5,4,2,3,1,5,5,4,3,1,3,2,4,4,2,5,2,2,1,2,2,1,1,4,3,5,1,4,3,5,1,4,3,4,5,3,3,2,1,2,1,2,5,4,4,4,2,4,1,4,4,3,4,5,29.191980671004174,103.54742289997522,70.9302505759009,2,3,1,2
4,3,4,4,1,4,4,4,1,2,2,5,3,3,3,4,2,1,1,4,1,1,2,3,1,1,1,2,4,2,2,3,2,1,2,2,4,1,3,3,3,2,1,3,2,3,4,3,3,4,5,1,1,5,1,5,3,1,3,3,1,4,5,1,1,3,5,3,4,4,31.631255810927406,82.96756293400436,91.39722872902185,2,4,1,2
2,4,3,4,2,3,1,1,1,1,2,5,4,3,5,4,5,5,5,4,5,4,5,4,5,5,4,5,5,1,2,5,5,4,4,4,3,5,4,5,5,2,4,4,5,4,1,4,5,3,4,1,4,5,5,4,3,1,3,1,4,4,2,4,4,4,3,4,5,5,31.10461843665088,149.91327905078586,70.96737418532658,1,2,1,2
2,3,1,4,4,2,4,3,3,3,3,1,2,3,2,1,2,3,4,1,2,2,3,2,1,1,2,4,1,2,1,2,1,3,1,3,1,1,4,5,3,1,1,1,1,2,3,3,1,1,5,5,4,5,3,3,1,4,3,3,4,5,4,1,5,3,1,2,1,4,26.472220846561445,73.00642935501935,78.41078751107909,1,4,0,3
1,2,3,3,4,2,3,1,1,1,5,2,5,3,3,4,5,3,5,2,2,4,4,3,5,3,4,1,1,1,5,5,2,2,2,2,3,5,5,2,5,5,5,5,5,3,3,5,5,2,2,3,1,3,2,2,5,4,5,4,1,5,2,2,3,3,5,1,5,5,25.871315884869933,126.46192977715401,90.07090629431376,1,2,1,2
2,1,1,1,2,4,2,4,1,1,1,1,2,1,3,1,3,1,1,1,3,3,1,5,2,1,3,2,1,2,1,2,1,1,1,3,1,2,2,4,1,1,5,2,2,1,3,2,3,2,5,4,3,2,3,4,2,1,1,3,1,5,5,2,3,1,2,1,4,5,26.24771162395189,67.55764037165977,88.9938556203662,2,4,1,2
2,4,1,2,1,1,3,3,3,3,1,5,4,1,3,1,1,1,4,4,5,4,2,2,3,5,3,2,5,2,2,5,1,4,5,2,2,4,5,2,5,2,2,4,5,1,1,3,2,2,3,5,2,4,2,5,3,3,1,3,2,3,4,2,1,2,5,1,2,4,26.352333247088247,109.32896727216595,80.85517355053088,1,3,0,2
1,3,4,1,2,1,3,3,3,1,5,5,3,3,5,5,4,5,4,5,5,2,3,5,2,5,3,5,4,3,4,5,5,5,5,4,5,4,5,5,3,5,4,3,2,4,4,1,2,5,5,5,1,4,3,4,3,1,4,2,4,5,3,2,4,1,4,3,2,3,20.910246073570782,148.94421286752817,86.79517024246175,2,4,1,3
1,3,1,1,1,2,4,2,2,4,1,1,2,3,1,1,1,1,1,1,4,1,4,1,2,2,2,1,5,3,5,4,3,1,4,3,3,2,1,2,1,1,5,5,1,2,3,3,4,3,4,4,1,1,1,4,3,1,3,5,5,5,5,5,1,2,4,1,3,4,26.01025092385023,80.89552168612978,85.20559588421732,2,1,0,2
4,4,1,2,2,2,4,3,2,2,1,5,1,3,5,2,3,4,1,2,4,2,3,3,1,4,2,2,2,4,1,1,3,1,1,5,1,5,5,4,5,2,5,1,2,2,5,1,5,3,5,5,2,4,1,5,5,1,4,5,3,5,4,2,2,3,5,1,3,5,31.360411533844722,97.7481960992775,104.02673784209972,1,4,1,2
4,1,1,3,2,1,3,2,1,3,5,2,1,2,1,2,1,1,1,1,2,1,1,1,3,2,2,1,2,2,1,2,2,2,1,1,3,3,1,5,2,1,1,1,2,1,4,1,5,3,3,1,3,5,4,1,2,5,4,4,1,5,2,2,2,5,2,1,3,1,28.471937863050833,63.06491574678668,73.27981765391577,1,3,1,2
3,4,4,4,4,3,1,4,2,1,5,3,2,1,3,2,5,4,2,3,1,5,1,1,4,4,2,1,2,2,1,1,4,1,4,1,2,4,3,4,5,3,1,2,2,2,3,5,5,2,4,5,1,4,2,5,4,1,3,4,1,5,2,3,5,2,5,3,5,5,25.342973848044362,92.70663449950831,97.83068024224188,1,2,0,2
4,2,1,1,3,4,2,1,3,3,4,4,3,4,4,4,3,1,1,1,4,1,1,2,4,2,5,4,2,1,2,5,2,2,1,2,4,1,2,5,5,3,1,4,1,2,2,1,1,3,3,1,1,5,3,4,3,3,5,4,1,3,4,4,5,4,1,1,3,4,26.547824700855582,97.1128247418561,80.50488194015085,2,4,1,2
3,4,3,3,1,4,4,1,1,1,5,5,4,4,2,5,5,4,4,5,4,4,5,4,1,5,5,3,5,5,3,5,5,4,5,4,1,4,2,1,4,2,5,1,4,5,3,1,5,3,5,1,1,2,1,3,4,4,3,4,4,2,3,5,2,2,2,1,4,2,36.18355129163685,139.47824821091402,77.43214759560502,2,2,0,3
3,3,1,2,4,2,4,4,1,2,1,5,4,2,4,3,1,3,2,3,1,5,2,4,2,1,4,4,4,5,5,4,4,5,1,3,4,5,4,2,5,5,2,4,5,2,5,1,4,1,5,5,1,4,2,3,2,3,2,3,2,3,3,1,3,5,2,3,1,4,26.70694285993905,120.25216072127066,84.35036419690849,2,4,1,3
4,4,1,4,1,4,4,1,1,1,3,4,1,1,4,3,3,3,1,1,2,2,4,1,2,2,3,3,4,1,1,1,1,1,1,1,4,1,1,1,1,3,4,1,4,1,3,2,4,1,5,1,2,3,2,4,4,5,4,5,1,5,5,2,3,4,3,3,5,5,39.90179116099365,74.60381352986232,90.74832142384432,2,2,1,1
1,4,1,4,2,1,4,1,1,1,4,1,4,5,2,5,3,2,5,1,1,2,4,4,3,3,2,1,3,3,5,5,5,4,3,1,1,2,1,3,2,2,3,5,4,3,5,1,5,2,4,5,1,3,2,5,2,3,5,2,1,5,1,3,1,2,1,1,5,5,32.807450019641486,107.10161822206119,92.29796999809909,1,3,1,2
4,4,2,4,2,4,2,2,1,4,4,5,3,2,5,1,1,2,4,3,4,3,4,1,1,4,5,3,5,1,4,3,5,1,3,3,5,4,1,1,2,1,4,1,4,4,5,5,5,5,5,4,1,3,3,5,3,1,2,3,1,4,5,1,5,1,5,1,1,5,32.33650486469858,107.05421564140659,95.33851845478793,2,3,0,1
4,3,2,4,1,4,4,2,1,1,2,1,2,4,2,1,1,1,4,4,2,3,3,1,2,5,4,4,2,3,1,3,1,4,3,2,1,1,3,2,1,5,1,2,1,1,4,5,5,1,3,5,5,3,1,5,1,1,3,5,2,4,4,1,5,2,1,1,3,3,37.27796423019048,82.91421243624796,89.4336375095424,2,2,1,2
4,3,3,2,4,4,3,1,2,1,2,5,3,4,4,4,4,3,3,4,2,1,4,2,4,2,2,2,4,2,5,5,3,3,5,5,1,5,2,2,5,3,1,5,2,3,3,5,1,4,3,3,1,5,3,4,5,4,2,1,2,2,3,3,4,3,4,3,5,2,30.30001507047891,116.07300960228177,73.11570812208657,1,2,1,2
3,4,1,4,1,2,3,1,4,2,1,1,1,3,1,1,3,1,5,1,2,3,2,1,3,4,1,2,1,2,1,1,3,1,1,2,2,2,1,1,1,3,1,3,1,4,4,3,5,1,1,3,4,5,2,3,1,1,4,5,2,5,5,3,3,3,3,1,3,5,31.553670699845963,67.1019572415231,88.93297130620203,2,1,1,2
3,4,1,4,2,4,4,1,2,1,3,1,2,3,2,4,1,2,1,1,1,2,4,1,2,1,3,1,3,4,1,2,2,2,3,1,1,2,2,1,1,1,2,2,4,2,1,1,3,3,5,2,2,5,3,4,4,1,5,5,1,5,5,3,3,2,5,4,4,3,36.69221343491942,71.22905971113074,92.62198224077541,2,2,1,2
1,2,1,2,2,4,1,3,4,3,3,5,2,1,4,4,5,2,4,5,2,5,5,3,4,4,5,5,4,3,2,2,5,1,1,5,1,5,2,4,5,2,5,1,5,3,5,3,5,3,5,5,1,4,2,4,3,5,4,3,1,2,2,5,2,3,3,4,1,5,21.790720792483356,123.79685784527686,79.6262933964814,2,2,1,2
4,4,1,4,1,4,4,1,1,1,1,1,1,1,1,1,1,2,2,1,1,1,1,1,1,1,1,1,1,2,1,1,1,1,1,2,1,1,1,1,2,3,2,1,1,2,4,2,3,1,4,4,5,5,1,3,5,2,5,5,2,5,5,2,5,1,5,1,4,3,41.68969034086557,44.63050301479315,101.83191368684982,2,3,1,2
3,4,1,3,1,1,4,2,1,4,1,5,2,4,2,5,5,2,5,5,4,5,5,5,4,4,2,3,1,1,2,2,3,3,5,4,4,5,1,4,2,3,5,4,5,3,3,2,3,2,4,3,1,2,2,5,4,3,4,3,5,3,1,2,3,4,2,1,5,2,30.879908019652543,125.28672592941354,79.38882054961881,2,2,1,2
4,4,4,2,3,4,4,1,3,1,2,1,2,4,2,1,3,3,5,2,3,2,3,1,1,3,1,4,4,1,4,4,5,5,2,5,3,5,1,2,2,1,3,2,3,2,4,5,1,2,2,5,2,5,3,5,5,3,5,3,1,2,4,3,5,2,3,2,2,4,31.047306247906437,97.06543439671819,86.05771256659051,2,2,1,2
4,3,3,4,4,4,2,4,1,3,1,5,1,2,4,4,4,1,4,4,1,3,4,5,5,4,3,2,1,3,2,1,2,4,2,3,1,1,4,3,3,1,2,1,1,3,4,1,5,4,4,5,3,4,1,4,4,2,2,4,3,4,3,3,5,5,4,1,5,4,26.949845139798384,95.27239098551597,91.71741970675885,1,3,1,2
1,2,3,4,3,4,3,1,4,4,1,2,4,5,4,2,1,5,1,5,5,4,2,3,5,2,2,1,1,3,3,4,1,5,2,3,1,2,3,4,5,2,2,2,4,1,3,5,1,2,2,5,3,4,2,4,3,5,2,3,4,4,1,4,5,1,3,1,1,3,23.673471438468567,101.57624591690691,70.95206464249509,1,1,1,2
3,4,2,4,1,3,4,1,1,2,1,1,1,1,1,1,1,1,1,1,1,1,1,1,1,1,1,1,1,1,1,1,1,1,1,1,1,1,1,1,1,1,1,1,1,1,5,1,5,1,5,4,3,5,2,5,5,4,5,3,1,4,1,2,3,4,3,2,2,4,36.22113027314683,23.216915257584773,92.77132406780964,2,4,0,2
4,3,1,2,2,3,4,4,1,1,2,1,1,3,5,1,1,5,3,2,5,4,5,3,5,4,1,5,5,5,2,3,4,5,2,1,5,4,4,5,5,5,4,2,2,4,3,1,3,3,4,5,4,1,5,2,4,4,1,5,3,5,5,2,5,1,4,3,5,1,31.601897586588667,123.16911029605654,80.5330233424742,1,4,1,2
4,2,2,2,3,4,1,1,4,2,5,5,1,5,4,5,5,3,3,5,5,5,4,5,5,5,4,4,3,1,5,4,5,5,3,3,4,3,5,3,2,3,5,4,4,5,5,5,5,5,5,1,2,3,5,3,3,5,2,1,4,4,1,2,2,5,4,5,3,2,26.335521703210187,145.1729530662718,59.911322065386216,1,3,1,2
4,1,4,4,4,1,1,4,4,3,3,5,5,4,1,5,4,4,5,1,3,4,5,2,3,4,5,2,5,5,4,3,3,1,5,5,3,1,2,3,4,4,2,5,4,3,4,4,1,5,5,3,2,5,5,3,2,3,1,3,3,2,2,4,4,2,1,4,1,5,17.052227603614973,126.66552050753624,64.2802393271241,1,3,1,2
1,4,2,1,4,2,3,4,1,1,5,5,4,3,2,3,4,1,1,5,3,2,2,1,2,5,4,4,4,1,2,4,5,4,4,4,3,5,5,1,3,4,3,2,3,5,2,2,4,2,2,2,3,4,3,3,3,2,5,1,2,4,4,5,4,4,5,1,1,4,23.703307557195934,118.00660204085246,77.99347257911546,1,4,1,1
4,3,2,3,1,4,2,4,4,4,1,1,1,1,1,2,1,1,3,2,1,1,2,1,1,1,2,3,1,2,1,1,1,1,3,3,3,1,1,1,1,2,1,1,2,3,3,3,5,2,3,5,2,5,4,4,4,2,1,5,2,4,5,1,5,2,2,2,5,5,26.285371416209507,54.61658664187442,94.67558298475392,2,2,1,2
3,4,2,4,1,3,4,2,1,4,1,1,2,1,1,2,1,2,1,4,4,1,1,4,2,1,1,2,1,3,2,2,1,2,2,1,1,5,4,4,1,5,2,2,1,1,5,1,5,2,5,5,2,5,2,5,5,3,5,5,1,5,2,1,5,4,5,2,4,5,33.14377521536049,71.62914592335933,107.34228882327979,2,1,0,3
2,1,2,4,2,1,1,2,3,2,2,1,1,2,2,4,1,1,1,1,1,2,1,1,1,1,1,2,2,2,1,2,2,1,1,1,3,1,1,3,1,1,3,2,1,1,1,4,3,1,3,2,3,4,2,4,1,1,4,2,3,5,3,3,1,1,5,1,2,2,23.42738565553976,54.61105639625943,77.13252069921953,1,2,1,2
4,4,2,1,2,3,4,3,4,1,3,2,2,4,3,1,1,3,3,5,5,3,4,1,1,2,4,1,1,3,5,2,1,2,1,4,1,2,3,4,5,3,1,2,2,1,3,2,2,2,3,1,1,5,1,3,2,4,2,3,1,1,3,2,3,2,2,1,5,5,29.213882366354124,91.11749149337241,81.22388920497923,1,4,1,2
1,4,1,4,1,4,1,1,1,4,2,1,1,1,1,1,1,1,1,2,2,1,2,2,2,1,2,1,1,1,1,1,1,1,1,1,1,1,1,1,1,1,1,1,1,1,5,1,4,3,4,5,3,5,1,5,5,1,3,5,1,4,4,1,3,1,5,2,4,5,31.45981065833159,42.717139001285204,105.94881434737079,1,1,1,2
4,3,2,3,2,1,3,4,1,1,3,1,4,2,4,5,1,2,1,5,1,5,4,4,1,3,1,3,2,5,2,1,3,2,5,4,4,5,5,3,5,5,3,4,5,4,1,4,5,3,1,3,2,5,1,5,2,1,3,4,4,4,1,2,4,2,3,1,3,5,29.00735777092249,116.69290845217446,83.3362976988767,2,3,1,2
4,4,4,2,1,3,3,1,1,2,2,2,2,4,4,1,1,3,1,4,2,5,1,5,4,2,2,3,5,1,2,1,2,4,1,1,4,2,3,1,5,5,2,2,2,3,3,2,4,1,4,5,5,5,3,3,2,1,5,1,1,4,3,1,4,1,3,2,5,2,32.051157018051576,93.50320162649169,89.88054784350412,2,4,1,2
2,4,1,4,2,4,4,2,4,1,4,3,1,2,3,4,5,5,5,1,4,2,5,2,2,1,3,3,3,5,2,2,3,1,3,5,4,5,4,4,3,2,4,5,1,2,2,1,4,1,1,5,5,5,4,5,4,1,4,4,4,5,2,2,5,4,4,2,4,2,33.10153617730643,112.70153018749399,85.68551677819949,1,4,1,2
2,4,3,4,1,3,2,1,1,1,1,1,4,3,2,1,2,1,1,1,5,5,1,1,2,1,1,1,4,1,4,3,2,3,1,1,2,1,1,2,2,2,1,1,5,1,4,2,5,1,5,4,1,5,1,5,4,1,2,4,1,3,5,3,5,1,5,1,2,4,33.475899518709106,71.08318701015612,103.7076698972479,2,3,1,2
2,4,4,1,1,3,4,2,3,3,4,4,4,4,3,3,5,3,5,4,4,4,5,3,5,5,4,4,3,1,5,5,4,5,4,3,3,4,5,4,4,5,2,5,5,5,5,3,2,5,5,3,5,4,4,1,4,4,5,4,4,3,3,5,2,3,3,1,5,4,25.651009793312472,144.55540138929734,73.2037159473346,2,1,1,2
1,4,2,3,3,1,2,4,3,3,1,4,2,3,1,4,2,5,1,2,2,4,3,4,5,2,4,2,5,1,2,3,4,3,5,1,1,4,3,2,5,4,5,1,5,2,1,5,3,5,2,1,4,3,5,2,5,1,3,3,1,3,1,2,3,2,3,1,4,4,21.39016165527415,107.05160351967773,68.59619128120787,2,4,0,2
3,3,2,3,1,2,4,1,1,1,2,4,1,1,1,1,3,1,2,1,2,2,1,1,1,1,2,2,2,1,3,1,1,1,1,2,1,2,1,1,2,1,1,1,1,1,5,1,3,1,1,5,1,4,3,4,3,5,3,1,1,4,5,1,5,1,2,3,2,4,34.21941747807356,53.109561238472274,88.280559087628,2,3,1,2
1,1,4,4,2,1,2,4,4,1,1,4,4,2,1,5,1,1,1,1,2,3,3,1,3,3,2,1,5,4,3,5,3,3,5,5,3,4,1,2,3,5,3,1,1,2,2,5,1,2,1,1,5,4,5,2,1,3,2,4,5,2,1,5,4,4,3,1,2,2,18.79899616842416,96.77573337324117,50.89785846885074,1,2,1,3
4,1,3,4,4,4,1,4,3,4,5,5,1,2,3,2,5,3,4,4,4,5,4,4,1,5,4,2,3,2,3,3,5,5,5,4,3,4,5,3,3,5,1,3,2,5,4,5,4,3,1,4,1,3,1,4,4,1,4,3,4,3,4,5,2,2,4,3,2,5,20.5252771875733,127.31490155146422,79.52317697905141,2,1,0,2
4,4,2,3,1,3,4,1,3,4,1,3,2,1,1,2,1,1,1,1,1,1,1,1,1,1,1,1,1,2,2,2,2,1,2,1,1,2,2,1,1,1,1,3,1,2,4,2,5,1,3,3,1,4,1,5,4,5,5,4,2,5,3,3,5,3,4,5,4,2,31.87439524217568,49.85971330477136,90.75126822315804,1,4,1,2
4,4,4,3,1,1,1,2,1,1,1,1,1,2,1,2,1,1,1,1,1,1,2,1,1,1,1,2,2,1,1,1,1,1,2,3,1,3,1,1,3,1,1,1,2,2,5,2,4,2,5,4,2,5,1,4,5,2,5,5,2,5,4,4,4,1,5,2,3,5,29.45101028194116,50.32951352712085,103.92012084610221,2,3,1,2
4,4,2,3,2,3,3,1,1,2,2,1,1,3,3,1,2,1,1,1,1,1,3,1,1,2,3,1,5,1,1,1,1,3,2,1,4,1,4,5,1,1,1,1,2,1,5,1,5,4,3,4,1,5,1,3,5,1,3,2,4,3,2,2,5,2,2,2,3,5,34.42680950995666,64.98079053822057,91.47446784558899,2,4,1,3
4,4,2,1,1,2,2,1,1,2,1,1,1,1,1,1,1,1,1,1,1,1,1,1,1,1,1,1,1,1,1,1,1,1,1,1,1,1,1,1,1,1,1,1,1,1,5,1,3,4,3,1,1,3,1,5,2,2,5,1,3,5,3,1,4,1,5,1,3,5,30.648329959893,22.047609291758903,91.55983141928567,2,4,1,2
1,2,2,4,3,4,1,2,3,1,1,2,1,3,2,2,4,3,3,1,1,2,2,2,2,2,2,2,1,1,3,1,3,2,1,1,1,1,1,1,2,1,2,1,2,2,4,4,3,4,3,5,3,4,4,5,2,2,5,4,4,2,5,5,4,4,5,2,4,5,25.619425785248747,64.24767892112762,81.58950291065733,2,3,1,2
4,4,1,4,1,4,4,1,1,1,3,1,1,1,3,2,4,3,2,5,3,3,3,2,1,3,1,1,1,1,2,1,3,5,1,2,3,1,2,1,2,2,2,2,2,2,5,4,1,1,1,5,4,5,2,5,5,3,5,4,3,2,3,1,5,4,4,4,5,5,39.624915575224115,76.91715521094041,88.1493017890184,1,3,1,2
2,4,2,4,3,4,4,1,3,1,5,1,5,2,2,5,4,5,1,5,3,5,2,5,5,3,2,1,3,1,2,5,4,4,4,1,3,2,3,1,5,1,4,5,4,3,5,3,2,1,4,5,3,3,2,5,3,1,4,5,3,4,5,1,5,2,5,5,2,2,32.70537683112436,115.68934778792907,92.08338765868665,2,2,1,2
2,3,1,4,1,3,2,1,2,4,1,1,3,2,2,3,2,1,2,2,3,1,1,2,3,1,1,1,2,1,2,1,1,1,5,1,1,1,1,1,2,3,3,3,1,2,4,1,4,3,2,5,1,3,1,2,4,1,5,2,3,5,5,1,4,3,3,3,4,5,29.808157638164253,64.12045397028727,94.48963050908644,2,2,1,2
3,2,1,4,2,2,4,2,2,1,2,3,5,1,1,1,3,2,5,3,2,5,4,5,1,5,3,1,3,2,4,1,1,1,4,1,4,2,4,3,5,4,4,2,2,5,5,1,5,4,5,4,2,4,2,4,3,1,4,3,4,3,5,1,1,3,2,4,5,5,31.693812402646962,103.7160908494949,90.05974960184386,2,2,0,2
4,3,1,4,2,3,4,2,1,2,4,1,1,1,1,1,1,1,1,4,1,1,1,2,3,1,2,1,1,1,3,1,1,2,1,1,3,2,1,1,2,2,1,1,1,1,4,1,5,1,5,4,1,5,2,5,5,1,3,5,1,5,4,1,3,1,5,2,1,4,35.39936250374165,53.57499127689067,106.3789501845583,1,4,1,2
1,4,1,2,2,2,4,1,2,1,4,5,5,3,5,4,5,2,5,5,2,5,4,3,2,4,5,2,4,4,2,4,3,4,1,5,5,4,1,4,5,5,5,4,5,5,1,2,2,2,1,1,5,1,1,5,3,1,4,1,3,5,5,1,4,5,1,5,5,3,30.58742508307419,140.28450849446358,71.3458778116941,1,3,1,2
4,4,2,4,1,4,4,1,1,1,2,4,1,1,1,1,1,1,2,3,3,2,1,1,5,2,1,2,2,1,2,2,1,1,2,2,1,3,4,2,2,1,1,1,1,2,2,5,3,1,3,5,1,4,2,5,2,1,3,4,2,3,4,1,5,1,3,3,1,5,39.276297934068594,65.06989426524073,88.67744076994077,1,4,1,2
1,4,4,2,3,4,1,1,1,1,2,4,1,1,1,4,2,3,4,1,1,1,1,5,2,5,5,4,5,2,2,1,2,1,1,1,1,2,4,1,1,3,1,1,2,3,3,3,3,2,5,5,2,4,4,5,5,3,2,5,1,2,5,5,1,1,5,3,5,2,26.738310333164794,81.0370556098645,87.11409761879106,2,2,1,2
4,4,1,1,3,4,3,1,1,3,2,1,2,2,1,3,2,3,1,1,1,1,1,2,1,1,1,1,1,1,1,3,2,2,3,1,2,2,1,4,1,3,2,1,2,1,5,3,5,3,3,5,3,2,2,5,2,1,4,5,3,5,5,5,3,2,5,5,4,5,32.42439791418556,59.787473249751805,90.08428250944726,2,3,1,2
4,4,1,4,1,4,4,1,1,1,4,4,4,3,2,4,3,3,2,3,1,3,1,3,5,3,1,3,1,1,3,1,3,5,4,2,2,1,3,1,3,1,5,5,5,5,2,1,3,1,3,5,4,4,1,4,3,1,5,4,3,4,5,1,5,2,2,1,3,5,41.571168031998425,103.30075916857736,95.99532290890537,1,3,1,2
2,1,2,4,2,4,3,2,1,2,1,1,1,5,3,3,3,1,1,4,4,4,2,1,4,4,1,2,4,4,3,1,4,2,2,1,1,3,1,2,1,4,2,4,1,1,2,1,5,1,5,4,3,3,5,4,5,5,3,2,2,4,5,1,5,2,5,1,3,3,29.686006256338246,86.41966043503102,90.57656607310805,2,3,1,2
2,2,4,4,3,1,4,1,4,2,1,4,4,2,2,2,4,1,5,2,1,5,5,1,1,2,4,5,1,4,3,2,2,1,2,1,1,3,3,3,1,2,2,5,1,2,1,1,1,3,2,3,5,1,4,2,4,5,3,5,3,5,2,4,1,4,5,4,3,4,23.69449790558469,90.32830186640378,63.01657688337956,2,3,1,3
1,4,1,3,3,3,3,1,1,1,3,1,2,4,4,1,4,5,3,4,4,4,2,3,1,2,1,4,3,1,2,2,4,1,1,1,2,5,1,4,1,3,2,4,5,3,4,1,4,1,4,2,3,5,3,1,1,1,1,5,5,5,3,2,1,2,1,2,4,5,31.726219857844896,96.5231312397091,80.12560297261003,2,2,1,2
4,3,1,4,1,4,4,2,1,1,1,1,1,1,1,1,1,1,1,1,1,1,1,1,1,1,1,1,1,1,1,1,1,1,1,1,1,1,1,1,1,1,1,1,1,1,5,1,5,1,5,2,2,5,1,5,3,5,1,1,4,5,4,5,2,4,5,1,2,5,38.361431411789056,26.484567714268408,85.1839955100289,2,3,1,2
4,4,1,4,2,4,1,4,1,3,3,5,3,2,5,2,3,1,1,2,1,3,3,5,5,4,2,5,2,4,5,3,4,2,1,4,2,4,4,5,4,2,3,3,1,2,3,1,3,1,5,4,1,2,1,4,5,1,5,5,3,5,3,1,4,1,4,1,1,3,30.739089735888303,110.42092678868592,98.64904542877309,2,2,1,2
2,3,2,4,2,3,1,2,1,4,3,5,4,3,2,3,2,4,4,5,4,4,1,5,2,5,3,3,3,5,5,5,2,5,1,2,4,3,3,4,3,3,3,3,3,2,1,2,3,2,3,4,5,4,1,4,3,2,2,2,2,5,2,2,3,1,3,5,2,4,26.879522325305874,120.81789941210764,77.37445614623218,2,2,1,3
2,2,2,3,1,3,2,2,3,1,2,1,5,3,5,5,3,5,2,3,4,2,1,4,1,5,3,4,5,3,5,4,1,3,3,2,4,2,2,2,3,3,1,2,4,4,3,1,3,1,1,5,2,1,1,5,5,2,5,3,1,3,3,4,3,4,5,4,5,3,28.496337352633848,111.2482224115615,86.6854958548018,1,2,1,2
4,3,4,2,2,3,1,4,3,4,4,4,5,4,5,5,5,3,5,5,5,3,5,5,3,4,5,4,2,3,4,1,4,5,4,4,4,5,3,3,5,5,4,5,4,4,2,1,3,1,2,3,2,2,3,5,2,1,5,3,2,1,5,1,4,4,5,3,3,2,20.567698368670936,147.75110148490978,82.6224842187925,2,3,1,2
2,4,2,4,4,1,4,3,3,2,1,3,1,5,4,2,3,2,3,1,4,1,5,3,3,3,3,1,2,2,2,4,3,3,5,5,4,2,2,2,1,2,3,4,5,5,5,5,4,4,5,5,1,4,1,3,2,5,4,3,2,5,1,4,5,4,4,4,5,5,25.938101716461723,103.54609516406552,84.14574106494887,2,4,1,2
4,4,4,4,1,3,2,3,2,1,1,1,1,2,1,1,3,1,1,3,2,1,1,3,1,1,5,3,3,3,1,2,1,2,2,1,3,1,1,1,2,2,2,1,2,2,4,2,1,1,4,2,2,4,4,4,4,3,5,2,1,3,4,3,2,2,4,5,3,5,30.943675811477032,64.09976064624038,82.01122146843771,2,3,1,2
4,4,4,3,1,2,3,3,1,3,5,4,2,3,5,1,3,4,5,5,3,5,2,5,3,1,5,4,3,4,2,2,5,4,3,2,1,4,5,2,1,1,3,2,5,3,5,1,1,4,5,4,3,5,3,1,2,1,3,5,3,4,4,1,4,5,3,1,3,4,29.327025292066452,117.49679247313247,85.44381480385867,2,3,1,2
1,4,4,3,3,4,4,2,3,2,1,1,2,3,1,4,5,2,5,1,4,4,4,1,5,3,4,3,5,2,3,3,2,3,5,4,2,4,2,2,4,5,3,3,5,1,2,3,2,1,2,2,5,1,5,3,1,4,5,1,2,4,3,5,1,5,2,4,1,2,27.37808190300503,110.78676828118093,51.66588030767416,2,3,1,2
4,3,1,4,1,3,4,1,3,1,1,1,1,1,1,1,1,1,1,1,1,1,1,1,1,1,1,1,1,1,1,1,1,1,1,1,1,1,1,1,1,1,1,1,1,1,5,2,5,1,5,4,5,3,3,4,3,2,2,5,2,5,3,2,5,2,5,2,3,5,35.95972981672701,17.64912186154264,95.22980121511905,1,3,1,1
1,3,3,4,3,4,4,4,4,4,2,2,1,1,3,1,1,1,1,1,1,3,1,1,1,2,1,4,1,2,1,1,1,3,1,2,3,1,3,1,1,2,5,3,1,2,4,1,5,1,1,4,2,5,3,4,3,3,3,4,3,5,4,5,4,1,5,1,5,4,23.147322666862195,61.92101436730816,94.02812883271602,1,1,1,3
2,4,2,3,2,3,2,2,2,4,3,5,1,4,1,5,3,4,2,3,1,3,1,1,1,3,3,2,2,5,3,4,2,2,1,2,4,3,5,4,3,3,2,2,2,5,3,3,2,5,4,2,1,4,5,5,3,3,4,4,3,3,5,4,4,2,5,5,4,5,26.82972315737028,99.93944709244684,80.05135592918884,1,2,1,2
2,3,2,3,4,4,4,1,1,1,3,1,1,2,2,1,3,3,2,2,4,1,1,1,2,1,2,3,2,1,1,2,2,4,2,5,2,3,2,4,3,1,2,3,3,2,2,1,3,4,1,4,2,2,1,1,3,5,3,3,1,3,4,1,4,3,2,5,4,5,32.16574395860848,79.08234646805771,74.99903271359902,1,2,1,2
2,4,1,4,1,3,4,1,1,3,2,1,1,1,1,1,1,2,1,4,2,1,1,3,2,1,2,2,1,1,3,1,1,1,1,1,1,1,2,1,1,1,3,4,1,2,5,2,5,2,4,2,5,3,5,1,4,2,2,4,3,4,5,2,4,3,4,4,4,1,35.09839711827282,55.50482272303828,77.80940644573715,2,2,1,2
3,3,2,1,3,4,4,4,1,3,2,1,3,5,1,5,4,4,2,5,5,2,5,4,3,5,5,5,3,1,5,5,4,5,1,3,5,3,3,5,4,5,5,4,4,1,5,1,4,4,4,5,4,3,4,4,5,5,5,3,3,5,3,3,5,2,2,1,2,3,27.053310050241294,132.4969594250333,84.62761868946916,2,1,0,2
3,1,2,2,1,1,4,1,1,3,3,1,4,5,2,1,3,3,1,1,2,5,1,2,1,5,4,1,2,1,4,4,1,2,1,2,2,1,1,2,3,1,3,1,1,1,5,1,4,3,1,5,3,1,4,2,3,2,5,5,2,1,3,1,4,5,5,4,4,4,27.502127134520507,78.32951478737678,80.79704141778892,1,2,0,2
4,4,1,4,1,4,4,1,1,1,3,3,1,1,1,1,1,2,1,3,4,3,1,2,1,1,2,2,1,1,4,1,1,1,1,1,1,1,2,2,5,1,4,4,1,1,4,1,2,1,5,3,1,3,3,4,5,1,5,5,3,5,4,1,4,4,5,1,4,5,41.201089486047685,65.61497254305968,100.69220986869283,1,2,1,2
1,4,3,4,1,4,4,1,1,1,4,2,1,2,3,2,1,1,1,3,1,1,1,3,1,4,1,3,1,3,3,1,3,2,4,2,3,4,1,2,4,3,2,1,1,1,2,1,4,5,4,5,1,2,4,4,4,2,4,3,1,5,3,4,5,2,3,2,4,4,35.29052731281234,76.04384552901473,87.88270838282982,2,4,1,2
4,2,4,3,1,3,2,1,1,4,1,1,1,3,2,3,5,3,2,1,3,1,4,3,1,2,2,5,5,3,1,2,1,1,3,1,2,3,1,4,4,3,2,3,1,1,2,1,1,2,1,4,1,3,1,4,3,2,2,2,1,2,5,2,5,2,5,5,2,5,28.362349436495602,84.17810980981515,83.47244526992944,1,2,1,3
4,3,1,4,1,4,4,3,3,2,1,4,1,2,2,2,1,2,2,1,4,3,1,1,1,1,4,4,1,1,1,3,1,1,1,5,4,3,2,3,1,1,2,5,1,2,5,1,2,2,4,5,2,5,5,4,5,4,5,5,2,5,2,1,3,2,4,2,4,5,33.581100281237006,74.88831689737093,96.37042887650297,2,2,0,3
4,3,2,3,3,2,3,1,1,4,3,3,1,2,2,4,1,4,2,1,2,4,1,1,5,2,3,4,2,1,2,1,1,3,1,5,5,2,1,5,1,5,4,1,1,1,2,5,3,4,2,3,4,1,5,3,1,2,5,3,1,2,2,3,3,3,3,1,3,2,29.015460560947236,86.88124648689697,64.47282613546558,2,2,1,2
3,4,1,4,1,3,2,1,2,1,1,4,4,4,2,1,5,3,1,5,5,3,3,3,1,1,1,1,1,2,2,4,3,1,1,2,1,3,1,1,3,1,1,1,1,4,5,2,5,2,4,1,2,2,1,4,5,1,4,5,2,4,5,3,4,1,5,1,3,4,34.64689085909629,80.71573976499837,99.0254604344478,2,3,1,2
1,1,2,2,4,1,1,4,4,4,5,5,5,5,5,5,5,5,5,5,5,5,5,5,5,5,5,5,5,5,5,5,5,5,5,5,5,5,5,5,5,5,5,5,5,5,1,4,4,2,1,2,5,5,4,1,4,3,1,3,3,4,3,5,4,4,1,5,2,2,13.112946287741565,183.63229402862072,57.06537011250318,1,2,0,3
4,4,1,3,1,4,2,2,1,1,1,1,1,1,1,1,1,1,1,1,1,1,1,1,1,1,1,1,2,1,1,1,1,1,1,1,2,1,1,1,1,1,1,1,1,1,5,1,3,3,5,4,1,4,2,3,5,2,5,5,2,5,5,1,5,1,4,3,4,2,35.730512628640035,38.28526804495258,101.80798830386834,1,2,1,2
4,1,1,2,3,1,2,4,2,1,2,2,1,4,5,1,4,2,3,4,4,1,2,2,2,1,1,4,1,1,1,2,1,2,4,1,1,1,3,4,3,3,1,2,1,3,5,1,5,2,5,3,2,4,1,2,4,2,5,4,1,2,5,1,1,2,4,1,4,5,23.521535393854794,80.24446047173166,99.22562238747662,2,3,1,3
2,4,3,3,2,1,3,2,2,1,1,5,2,2,4,2,3,4,4,1,4,3,3,3,1,2,2,1,3,1,2,5,5,5,1,1,3,2,1,1,1,5,1,2,5,1,5,3,5,1,4,4,1,3,2,5,1,2,5,2,3,3,2,1,4,3,5,1,1,5,28.394359891435414,92.38971221502425,91.25938917169776,2,1,1,2
3,4,2,4,2,4,3,2,4,1,1,5,1,2,1,3,2,2,2,4,1,1,2,1,3,1,4,2,2,1,4,1,1,1,2,2,4,1,1,1,3,2,5,5,5,2,5,2,5,4,4,2,1,5,3,5,4,1,5,2,4,5,3,5,2,1,5,1,4,3,32.2710309945527,80.93440552974434,90.93110504643774,1,1,1,2
4,4,1,4,1,4,4,1,1,1,2,1,1,1,1,4,1,2,1,1,1,1,1,2,1,1,1,2,1,1,1,1,2,1,2,1,1,1,1,1,2,2,1,2,1,1,4,2,5,1,4,5,1,5,2,5,4,1,5,4,3,3,5,1,4,2,5,1,2,2,43.046148840868995,48.47010702959911,102.21516530619589,2,2,1,2
3,4,1,4,2,2,4,1,2,1,5,1,5,4,3,3,1,3,1,2,1,5,2,4,3,1,2,3,1,2,2,1,3,5,1,5,2,5,4,4,4,2,2,1,5,3,4,2,5,1,4,4,1,5,2,4,1,4,5,5,1,4,4,1,5,1,5,5,4,4,35.405584933665814,100.6213779819207,98.80450336693978,1,1,1,2
4,4,2,1,3,4,4,1,2,1,1,2,1,1,2,1,1,1,1,1,1,1,1,3,1,1,1,1,1,1,1,1,2,1,1,1,1,2,1,1,1,1,1,1,1,1,5,2,5,1,5,5,1,4,1,5,2,2,5,5,2,5,5,1,5,3,4,1,5,4,33.07898582566361,41.84848914735812,109.20016277517212,2,2,0,2
4,2,2,3,1,1,1,4,3,3,1,4,1,3,5,4,2,1,4,4,1,5,4,2,4,4,3,4,3,2,3,5,4,5,5,2,1,1,4,3,3,2,1,2,3,3,1,1,5,1,4,2,2,2,5,2,4,5,2,2,5,4,3,1,1,3,5,2,2,1,22.99665612509022,108.10710500258067,69.01171050809184,1,2,1,1
2,3,3,4,1,3,3,4,2,1,3,4,2,1,4,3,1,1,3,1,4,4,2,4,1,3,4,5,2,1,5,2,1,2,4,4,4,1,4,1,1,4,2,2,2,2,5,5,3,2,4,3,4,5,5,5,2,2,5,1,5,2,5,1,5,3,5,1,5,5,29.109096491407687,93.8253444221384,86.27326978324635,2,4,1,2
4,1,1,2,1,4,4,2,2,2,3,5,1,5,4,2,1,3,5,5,2,4,1,5,2,3,4,5,3,2,5,2,3,4,5,5,5,1,3,5,5,3,5,2,4,2,4,2,1,4,3,4,2,4,4,3,3,2,5,5,5,5,5,1,2,2,3,3,5,5,31.85441891204,123.93027975582581,85.70326494007409,1,3,1,2
2,1,2,1,1,4,4,2,2,2,3,2,1,3,3,2,2,4,5,3,5,1,2,5,2,4,5,1,5,5,5,2,2,1,5,4,2,2,2,5,3,4,5,2,4,4,3,2,4,2,5,5,2,2,1,3,5,2,2,5,2,3,4,1,3,3,4,2,4,2,28.09233074575377,114.54859993223593,91.16994331685058,1,3,1,2
3,2,2,3,4,4,4,4,4,4,3,5,5,3,2,1,3,2,5,3,5,5,1,4,4,3,3,4,3,4,4,5,4,3,1,2,5,4,4,3,4,2,1,2,5,1,5,3,5,2,3,5,4,3,4,5,3,4,4,4,1,4,1,5,4,5,5,2,2,5,22.537675830274004,117.69047326179722,81.58027712965819,1,2,1,3
3,3,3,3,3,3,1,1,1,2,4,3,5,5,5,5,4,5,3,2,2,5,4,3,2,1,5,3,2,3,5,5,3,2,4,5,3,2,5,2,1,5,1,5,3,5,1,3,4,4,2,4,3,3,5,5,5,4,3,3,2,5,2,2,3,3,3,3,4,4,27.790682094228327,127.09680692440526,76.16484892994787,1,4,1,2
4,2,2,1,2,1,4,1,1,1,2,1,5,1,1,2,2,2,1,1,1,2,3,1,1,3,3,1,1,1,1,3,1,1,4,4,1,2,4,2,4,3,3,2,5,2,2,5,5,1,3,5,2,1,2,5,4,1,2,4,2,3,4,5,4,2,3,1,5,3,30.180629342568004,76.79629788277079,86.41760143422452,2,2,1,3
2,1,2,3,3,3,3,3,3,3,2,2,2,2,1,1,2,1,1,2,3,2,2,2,1,1,2,1,2,1,1,2,3,1,1,1,1,1,3,1,3,1,2,1,1,1,4,1,4,2,5,3,2,4,2,4,3,1,5,4,1,5,5,2,2,1,2,3,5,5,23.279459458624128,57.4264682821006,98.97131101766033,2,1,1,2
4,2,2,1,2,3,3,4,2,3,3,2,1,1,1,1,2,4,1,3,4,3,1,2,1,2,2,1,2,5,2,1,4,1,2,2,1,2,1,1,2,1,1,1,2,1,2,5,2,5,5,1,4,1,3,2,3,3,2,4,5,1,3,4,3,1,5,5,5,4,24.687614547419734,66.83246242472148,62.21688885486441,1,3,1,2
4,3,2,3,4,1,2,1,4,1,1,1,2,2,1,1,2,1,1,1,3,1,1,1,2,2,1,1,2,2,1,1,2,1,3,1,1,2,1,3,1,4,1,1,1,1,5,2,2,1,5,5,1,3,1,5,4,1,1,5,2,5,4,1,5,2,5,1,5,1,25.862422232567106,54.42945807321216,101.88263254674033,1,2,1,3
4,3,4,4,1,4,3,1,1,1,1,4,2,1,1,1,2,1,5,2,1,1,1,2,1,1,1,1,2,1,1,1,1,2,1,2,1,1,1,1,1,1,1,1,1,1,5,1,5,1,5,5,2,5,2,5,5,1,5,5,2,5,4,1,5,1,5,1,5,5,35.17493073257266,49.74085319438196,115.84847013525241,2,2,0,2
3,4,2,2,1,3,4,1,1,1,1,2,1,2,1,2,3,1,2,2,1,1,4,2,1,2,3,1,1,2,1,1,4,1,2,1,4,1,4,1,1,1,1,1,1,1,4,4,2,2,3,2,4,5,5,3,4,5,1,4,1,3,5,1,1,5,1,4,5,2,35.01649178402147,60.55149121217817,67.85874837767972,2,3,1,1
4,4,1,4,1,4,4,1,1,1,1,1,1,1,1,1,1,1,1,1,1,1,1,1,1,1,1,1,1,1,1,1,1,1,1,1,1,1,1,1,1,1,1,1,1,1,4,5,5,3,2,5,2,4,4,4,4,4,5,5,1,4,5,1,5,4,4,3,5,1,42.410887238296056,11.828071246632163,88.58721508486191,2,4,1,2
4,4,1,3,2,4,1,1,1,1,4,5,4,2,4,5,3,1,3,1,4,5,4,4,5,3,2,5,5,5,4,4,4,5,5,2,5,4,2,4,5,3,5,4,5,4,5,1,2,2,4,5,2,4,1,3,2,1,4,2,1,5,5,1,4,4,5,3,2,5,35.246963202496744,139.28084967420853,95.42368051474196,1,2,0,2
4,3,2,4,3,4,3,2,1,2,5,1,3,2,3,3,4,2,2,1,2,2,1,2,1,4,5,2,5,4,2,4,3,2,1,1,2,3,1,1,1,1,4,5,5,3,5,1,5,1,5,5,1,4,2,4,5,5,4,5,2,3,3,2,1,1,4,4,5,1,32.6563869103396,92.73157537573289,94.42615727633265,1,3,1,2
4,4,2,4,1,4,1,1,3,1,1,4,3,3,4,1,1,1,1,1,3,2,5,1,1,2,2,3,1,2,1,3,1,1,3,3,1,3,3,5,4,1,4,1,1,4,2,1,4,5,5,3,3,4,3,4,5,2,5,5,2,3,5,4,5,3,3,2,5,3,33.75788119737043,81.02900634600039,89.548852861739,2,4,0,3
3,4,2,3,1,3,2,2,4,2,3,1,1,2,1,1,1,1,1,2,1,2,1,2,1,2,2,4,1,1,1,2,2,2,2,2,3,1,1,1,3,3,2,3,2,2,4,1,5,1,1,2,4,1,3,5,1,2,5,4,5,5,1,1,5,1,3,2,5,4,29.11782407930129,62.74819774617306,84.56514625804385,1,2,1,2
1,1,1,1,3,1,3,3,3,2,4,4,3,2,4,4,4,1,5,3,3,2,4,1,2,1,4,1,5,5,1,4,4,1,1,1,4,2,4,4,2,3,1,4,5,1,5,1,4,5,1,5,2,2,5,5,1,4,2,5,2,1,2,5,5,3,1,5,1,3,19.90932664731084,104.19807976304588,64.80195228659542,2,2,1,2
3,3,2,3,4,2,1,3,3,2,3,5,4,4,2,1,3,3,3,5,2,3,3,1,5,4,2,3,3,4,5,5,3,1,1,4,2,2,4,3,3,1,3,1,1,2,5,2,5,1,3,1,1,3,2,4,5,2,2,4,1,5,2,4,4,2,5,2,1,5,23.2381477735749,103.99268138352974,90.7189396500172,1,2,1,2
