person_id,Ari_Tech_1,Ari_Tech_2,Ari_Nume_1,Ari_Nume_2,Ari_Abst_1,Ari_Abst_2,Geo_Tech_1,Geo_Tech_2,Geo_Nume_1,Geo_Nume_2,Geo_Abst_1,Geo_Abst_2,Alg_Tech_1,Alg_Tech_2,Alg_Nume_1,Alg_Nume_2,Alg_Abst_1,Alg_Abst_2
0,1,1,0,0,1,1,1,0,1,1,1,1,1,1,1,1,1,1
1,1,0,0,1,1,1,0,0,0,1,1,0,0,1,0,0,0,0
2,1,1,1,1,1,1,1,1,1,1,1,1,1,1,1,0,1,0
3,0,1,1,1,1,1,1,1,1,1,1,1,1,1,0,1,0,1
4,1,1,0,1,0,0,1,1,0,1,0,1,1,0,0,0,1,0
5,1,1,0,0,1,1,0,1,0,1,0,0,1,1,1,0,0,1
6,1,1,1,0,1,1,1,1,1,1,0,1,1,1,1,0,0,1
7,0,1,0,0,1,1,0,1,0,1,1,0,1,1,0,0,0,0
8,1,0,1,1,1,1,0,1,1,1,0,1,0,1,1,1,1,0
9,0,1,1,0,0,0,1,1,0,1,1,1,0,0,0,0,0,1
10,1,1,0,0,1,1,1,1,1,0,0,0,0,0,0,0,0,0
11,1,1,1,1,1,1,1,1,1,1,0,0,1,1,1,1,1,1
12,1,1,0,1,1,0,1,0,0,0,1,1,1,0,0,1,0,0
13,1,1,0,1,1,1,0,0,0,0,1,0,1,1,0,0,1,0
14,1,1,1,1,1,1,1,1,1,1,1,0,1,1,1,0,1,1
15,1,1,1,0,0,1,1,1,1,0,0,0,0,1,0,1,0,0
16,0,0,1,0,0,0,0,0,1,0,0,0,1,1,0,0,0,0
17,1,1,1,1,1,1,1,1,1,1,1,1,1,1,1,1,1,1
18,1,1,0,0,1,0,1,0,0,1,0,1,1,1,0,0,0,0
19,1,0,1,0,1,1,1,1,1,1,1,1,1,0,1,1,1,1
20,1,1,1,1,1,1,1,1,1,1,1,0,1,1,1,1,1,1
21,1,1,0,1,1,1,1,1,1,1,1,1,1,1,1,1,1,0
22,1,1,1,1,0,0,0,0,0,1,1,1,1,0,0,1,0,0
23,1,1,1,1,1,1,1,1,0,0,0,1,1,0,1,1,0,0
24,1,1,1,1,1,1,1,0,1,1,1,1,1,1,1,0,1,1
25,1,1,1,1,1,1,0,1,1,1,1,1,1,0,1,1,1,1
26,1,1,0,0,0,1,1,1,1,1,1,1,0,1,0,1,1,1
27,0,0,0,0,1,1,0,0,0,1,0,0,1,0,0,0,1,0
28,1,1,0,1,1,1,1,1,1,1,1,1,1,1,1,1,1,1
29,1,1,1,1,1,0,1,1,1,1,1,1,1,0,1,1,0,1
30,1,1,0,1,1,0,1,1,1,1,1,1,1,1,1,0,1,1
31,1,1,1,1,1,0,1,0,0,0,0,1,1,0,0,0,0,0
32,0,0,0,1,0,1,1,0,1,1,1,0,1,1,1,0,0,1
33,1,1,0,0,0,1,0,0,0,0,0,1,0,0,0,1,0,0
34,1,1,0,1,1,1,1,0,0,1,0,0,0,1,0,1,1,1
35,1,1,1,1,0,0,1,0,0,0,1,0,0,0,1,0,0,0
36,1,1,0,0,1,0,1,0,0,0,0,1,0,1,0,0,0,0
37,0,1,1,0,1,0,1,1,0,0,1,0,0,0,0,0,0,0
38,1,1,0,0,1,0,0,1,1,0,1,0,1,1,1,1,0,1
39,1,1,1,1,1,0,1,1,1,1,1,1,1,1,1,0,1,1
40,1,1,1,1,1,1,1,1,1,1,1,1,1,1,1,0,1,1
41,1,1,1,0,1,1,0,0,0,1,1,1,0,0,0,1,0,0
42,1,1,0,1,1,0,1,1,1,1,0,0,1,1,0,0,0,0
43,1,0,0,0,1,0,0,1,0,0,0,1,0,1,1,0,1,0
44,1,1,1,1,1,1,1,1,1,1,1,1,1,1,1,1,1,0
45,1,1,1,1,1,1,1,1,1,1,0,1,1,1,1,0,1,0
46,1,1,1,1,1,0,0,1,1,1,1,1,1,1,1,1,1,1
47,1,1,0,0,1,1,1,1,1,1,1,1,0,0,1,1,1,1
48,1,1,1,1,0,1,1,1,1,1,1,0,1,1,1,1,1,1
49,1,1,1,1,0,0,1,1,1,1,1,0,0,0,0,0,1,0
50,1,1,1,0,1,1,1,1,1,1,1,1,1,1,1,1,1,0
51,1,1,1,1,0,1,0,1,1,1,0,1,1,1,1,0,1,1
52,1,1,0,0,1,0,1,1,1,1,0,0,1,1,0,0,0,0
53,0,1,0,0,1,1,0,1,0,0,0,0,0,0,1,1,1,0
54,1,0,0,0,1,0,0,1,0,0,0,0,0,0,0,0,0,0
55,1,1,1,0,1,1,1,1,0,1,0,0,0,1,0,0,0,0
56,0,1,1,1,1,1,1,1,1,1,1,1,1,1,0,1,1,0
57,1,1,1,0,1,0,1,1,1,1,0,0,0,1,0,0,0,0
58,1,1,1,1,1,1,1,1,1,1,1,0,1,1,1,1,1,1
59,1,1,0,0,1,1,1,0,1,1,0,0,1,1,0,0,0,0
60,1,1,0,1,1,1,0,1,1,1,1,1,0,1,1,1,1,1
61,1,1,0,0,1,0,0,1,0,1,1,1,0,1,1,0,0,0
62,1,1,1,0,1,1,1,1,1,1,0,0,0,0,0,0,1,0
63,1,1,1,1,1,1,1,1,0,1,1,1,1,1,1,1,1,1
64,0,1,1,1,1,0,1,1,1,0,1,0,1,0,0,1,1,1
65,0,1,0,1,1,0,1,1,1,1,1,1,1,0,1,1,1,0
66,1,1,1,1,1,0,0,1,1,0,1,0,1,0,0,0,0,1
67,0,1,1,0,1,0,1,0,0,1,1,1,1,0,0,0,0,1
68,1,1,0,1,0,1,1,1,1,1,1,0,1,1,1,1,1,1
69,1,1,1,1,1,1,1,1,1,1,1,1,1,1,1,1,0,1
70,1,0,0,0,0,0,1,1,1,0,0,1,0,1,1,0,0,0
71,1,0,0,1,0,1,1,0,0,1,1,1,1,0,0,1,1,0
72,0,1,0,0,1,0,1,0,0,1,1,0,1,1,1,1,0,1
73,1,1,1,1,0,1,0,0,1,1,1,1,0,0,1,0,0,0
74,1,1,0,0,1,0,1,1,0,0,1,0,1,1,0,0,0,0
75,1,1,0,0,1,1,0,1,0,0,1,1,0,1,1,1,1,0
76,1,0,1,1,1,1,1,0,0,1,0,1,1,1,1,0,0,1
77,1,1,1,1,1,0,1,0,1,1,0,1,1,1,1,1,0,0
78,1,0,1,0,1,1,0,1,1,1,1,1,1,0,1,0,0,1
79,0,0,0,0,0,0,0,0,0,1,0,0,0,0,0,0,0,0
80,0,1,1,0,0,1,0,0,0,1,0,1,0,0,1,0,1,0
81,1,1,1,0,1,1,1,1,1,1,1,1,1,1,1,1,1,1
82,0,0,0,1,1,1,1,1,0,0,0,1,0,1,1,0,1,0
83,1,1,1,1,1,1,1,1,1,0,1,1,1,1,1,1,1,1
84,1,1,0,0,1,1,1,1,1,0,1,1,1,1,1,0,1,0
85,1,1,1,0,1,1,1,1,0,1,0,1,1,1,0,1,1,1
86,1,1,1,1,1,1,1,1,1,1,1,1,1,1,1,1,1,1
87,1,1,1,1,0,1,1,1,1,1,1,1,1,0,1,1,0,1
88,1,1,0,0,0,1,0,0,0,1,0,0,0,1,1,1,0,0
89,1,1,1,1,0,1,1,1,1,0,1,1,1,1,0,0,1,1
90,1,1,1,1,0,0,1,1,1,1,0,1,1,0,0,1,0,1
91,1,0,0,0,1,0,1,1,1,1,0,0,1,1,1,1,0,0
92,1,1,0,0,1,1,0,1,1,0,0,0,0,0,1,0,1,1
93,1,0,0,0,1,1,0,1,1,0,0,0,1,0,0,1,0,1
94,0,1,0,1,0,1,1,0,0,1,1,0,0,0,1,0,0,1
95,1,1,0,1,1,1,0,1,1,1,0,1,0,1,0,1,0,0
96,1,0,0,0,0,1,1,1,1,1,1,0,0,1,1,0,1,1
97,1,0,0,0,0,0,0,0,0,0,1,0,0,0,0,0,0,0
98,1,0,0,1,1,1,1,1,0,1,1,1,1,1,1,0,0,1
99,1,1,1,1,1,0,1,1,1,1,1,1,1,1,0,1,0,1
100,1,1,1,1,1,1,0,1,1,1,0,0,1,1,1,0,0,1
101,1,1,1,0,1,1,1,0,1,1,1,0,0,1,1,1,1,1
102,0,1,0,0,0,0,1,1,0,1,0,0,0,1,0,0,0,0
103,0,1,0,0,1,1,1,1,0,1,1,0,1,1,1,0,0,0
104,1,1,1,1,1,1,1,1,1,1,1,1,1,1,1,1,1,1
105,1,0,1,1,0,0,1,1,1,0,1,0,1,1,0,0,0,0
106,1,1,0,1,1,1,0,1,0,0,0,0,1,1,1,0,0,0
107,1,1,1,0,1,1,1,1,0,0,1,0,1,0,1,0,1,0
108,1,1,1,0,1,1,1,0,1,1,1,1,1,1,1,1,1,0
109,1,1,1,1,1,1,1,1,1,1,1,1,1,1,1,1,1,0
110,1,1,1,0,0,1,0,0,0,1,0,0,1,0,1,1,0,0
111,1,1,0,1,1,1,1,0,1,1,1,1,1,1,1,1,1,0
112,1,1,1,1,0,1,1,0,1,1,1,1,0,0,0,1,1,0
113,1,1,0,1,1,0,0,1,1,1,0,1,0,1,0,0,0,0
114,1,1,1,0,1,0,1,1,1,1,0,0,1,1,0,0,1,0
115,1,1,0,1,1,1,0,0,1,1,1,1,1,1,1,1,1,1
116,0,1,1,0,1,1,0,0,0,0,0,0,0,1,0,0,0,0
117,1,1,1,1,1,1,1,1,1,1,1,0,1,1,1,0,1,1
118,1,1,1,0,0,1,0,0,1,0,0,0,1,0,1,1,1,0
119,1,1,1,1,1,1,1,1,1,1,1,1,1,0,1,0,1,1
120,1,1,0,1,1,1,1,0,1,1,1,1,1,1,0,0,1,0
121,1,1,1,1,1,1,1,0,1,1,1,1,1,0,1,1,1,1
122,1,1,0,1,1,0,1,0,0,1,1,1,0,0,0,0,0,1
123,1,1,1,1,1,1,1,1,1,0,1,1,1,1,1,1,1,1
124,1,1,1,1,1,1,1,1,1,1,1,1,1,0,1,1,1,0
125,0,1,0,0,0,0,0,0,0,1,0,0,0,0,0,0,0,1
126,1,1,1,1,1,1,1,1,0,1,1,0,1,0,0,0,0,1
127,1,0,0,0,1,0,0,0,0,0,0,0,0,0,0,0,0,0
128,0,1,0,0,1,1,0,1,0,0,1,1,0,1,0,0,0,0
129,1,1,0,0,0,0,1,0,0,1,0,0,0,0,0,1,0,0
130,0,0,1,0,0,0,0,1,1,0,0,0,0,0,0,0,0,0
131,1,0,0,0,0,1,0,0,0,0,1,0,1,0,0,0,0,0
132,0,1,1,1,1,1,1,1,1,1,1,0,1,1,0,0,1,1
133,1,1,0,0,1,1,1,1,1,1,1,0,1,1,1,1,0,0
134,0,1,1,1,1,1,1,0,1,0,1,0,1,1,1,0,1,1
135,0,1,1,0,1,0,0,0,0,0,1,0,0,1,0,0,0,0
136,1,0,0,0,0,1,1,1,1,1,1,1,0,1,0,0,0,0
137,1,1,0,0,1,1,0,1,0,1,1,1,1,0,0,1,0,1
138,1,1,0,0,1,1,1,0,1,0,1,1,1,1,1,1,0,1
139,1,1,0,1,1,1,1,1,1,1,0,1,1,1,1,0,1,1
140,1,1,1,1,1,0,1,1,1,1,0,0,1,1,0,1,0,1
141,1,1,0,1,1,0,1,0,1,0,1,0,0,1,1,1,0,0
142,1,1,1,0,0,1,1,1,1,1,1,1,1,1,1,1,0,0
143,1,1,0,0,1,1,1,1,1,1,0,1,1,1,1,1,1,0
144,1,0,0,0,0,0,0,0,0,1,0,0,0,1,0,0,0,0
145,1,1,1,1,1,1,0,1,1,1,1,1,1,1,1,1,0,1
146,0,1,1,1,1,1,1,1,1,0,1,1,1,1,0,1,0,0
147,1,1,1,1,1,1,1,1,0,1,1,1,0,0,1,0,1,0
148,0,0,0,0,1,0,1,1,1,1,1,1,1,1,0,0,0,0
149,1,1,1,1,1,1,1,1,1,1,1,1,1,1,1,1,1,1
150,1,1,1,1,1,1,1,1,1,1,1,1,1,1,1,1,0,1
151,1,1,1,1,1,1,0,1,1,0,1,1,1,1,0,1,1,1
152,1,1,0,1,1,1,1,1,1,1,0,0,1,1,0,1,1,0
153,1,1,1,0,1,1,1,1,1,0,1,1,0,1,1,1,1,1
154,1,1,0,0,0,1,1,1,1,1,0,0,0,1,0,0,1,0
155,1,1,1,1,1,1,0,1,1,1,1,1,0,0,0,0,0,0
156,1,1,1,1,1,1,0,1,1,1,1,1,1,1,1,0,0,1
157,1,1,1,1,1,1,1,1,1,0,0,1,1,1,0,0,1,0
158,1,1,1,1,0,1,1,0,0,1,1,1,1,0,0,1,1,1
159,0,1,1,1,1,1,1,0,0,0,1,1,0,1,0,0,1,0
160,0,1,1,1,1,1,1,0,1,1,1,1,0,1,1,1,0,1
161,1,1,1,1,0,0,1,1,1,1,1,0,0,1,1,0,0,1
162,1,1,1,1,1,1,1,1,1,0,0,1,1,0,1,1,1,1
163,1,0,1,1,0,1,1,1,1,1,1,0,1,1,1,1,1,1
164,0,1,0,0,0,1,0,0,0,1,0,0,1,1,0,1,0,0
165,1,1,0,1,1,1,1,0,1,1,0,1,1,1,0,1,0,1
166,1,0,1,0,0,0,0,0,0,1,1,0,0,0,0,0,0,0
167,1,1,0,1,1,1,0,0,0,0,1,0,1,1,0,0,0,0
168,1,1,1,1,1,0,1,1,0,0,1,1,1,0,0,0,0,0
169,1,1,1,0,1,1,0,1,0,0,0,0,1,1,0,0,0,0
170,0,1,0,0,0,1,1,0,0,0,0,0,0,1,0,0,0,0
171,1,1,1,1,1,1,1,1,1,1,1,1,1,1,1,1,1,1
172,1,1,1,0,1,1,1,1,1,1,1,1,1,0,1,1,1,1
173,0,1,1,0,1,1,0,0,1,1,1,1,0,1,0,0,0,1
174,1,0,0,1,1,1,0,1,1,0,1,1,1,1,1,0,1,1
175,1,1,1,0,0,1,1,1,0,1,0,1,0,1,0,1,1,0
176,1,1,0,1,1,1,1,1,1,1,1,1,1,1,1,1,1,1
177,1,1,1,0,1,1,1,1,0,0,1,1,1,1,0,0,1,0
178,1,1,0,0,0,1,0,1,0,0,1,0,0,0,0,1,0,1
179,0,1,1,1,1,0,1,1,1,1,1,0,1,0,0,0,0,1
180,1,1,0,0,1,1,0,1,1,1,1,1,1,1,1,0,1,1
181,1,1,1,1,1,1,1,1,1,1,0,0,1,1,1,1,1,1
182,1,1,1,1,1,1,0,1,1,1,1,1,1,0,0,1,1,0
183,1,1,0,0,1,1,1,0,1,0,0,1,0,0,0,1,1,0
184,1,0,0,0,0,0,1,0,0,0,1,0,0,0,0,1,0,0
185,1,1,1,0,1,1,1,0,1,1,1,0,1,1,1,0,1,0
186,1,0,0,0,1,1,1,1,0,0,0,0,0,0,0,0,0,0
187,1,0,1,1,1,1,1,1,0,0,1,0,1,1,1,0,1,1
188,1,1,1,0,1,1,1,1,1,1,1,1,1,1,1,1,0,1
189,1,1,1,0,1,1,1,1,0,1,1,1,1,0,0,1,1,0
190,1,1,1,1,1,0,1,1,1,1,1,1,1,1,1,1,1,1
191,1,0,0,0,1,1,1,1,0,0,0,0,1,1,1,0,0,0
192,1,1,0,1,1,0,1,0,0,1,0,1,0,0,0,0,0,0
193,1,1,1,1,1,1,0,1,1,1,0,0,1,1,0,1,0,0
194,1,1,0,1,0,1,1,1,0,0,0,0,1,0,0,0,1,0
195,1,1,0,1,1,1,1,1,1,1,1,1,1,0,1,1,1,0
196,1,0,1,1,1,1,1,1,1,1,1,1,1,1,1,1,1,1
197,1,1,1,1,1,1,0,0,0,1,0,1,1,1,0,0,1,1
198,1,1,0,0,0,1,1,1,1,1,1,1,1,0,0,0,1,0
199,1,1,0,1,1,1,1,1,1,1,1,1,1,1,0,1,1,1
200,1,1,1,1,1,1,1,1,1,1,1,0,1,0,1,1,0,1
201,1,1,1,0,1,1,1,1,1,1,1,1,0,1,1,1,1,0
202,0,1,0,0,1,0,0,0,0,0,0,0,0,0,0,0,0,1
203,1,1,1,1,1,1,1,1,1,1,1,1,1,1,1,1,1,0
204,1,1,1,1,1,1,1,1,1,1,1,1,1,1,0,1,0,1
205,1,1,1,1,1,0,1,1,0,1,1,1,1,1,1,1,1,0
206,1,1,1,1,0,1,1,1,1,1,0,0,1,1,1,1,1,0
207,1,1,1,1,1,1,1,0,1,0,1,0,1,0,1,0,0,1
208,1,1,0,0,0,1,1,0,1,0,0,0,0,1,0,0,0,0
209,1,1,1,0,1,1,1,0,1,1,1,0,1,0,0,1,0,1
210,1,1,0,1,1,1,1,1,1,0,1,1,1,1,1,0,0,0
211,1,1,0,1,0,1,1,0,1,0,0,1,1,0,0,1,0,1
212,1,1,1,1,0,1,1,1,1,1,1,1,1,1,1,1,1,1
213,1,0,0,0,0,0,0,0,0,0,0,0,0,1,0,0,0,0
214,1,1,1,1,1,1,1,1,1,1,1,1,1,1,1,1,1,1
215,0,1,0,0,1,1,1,1,1,1,1,0,1,0,1,0,0,1
216,1,1,0,0,1,1,1,1,1,1,1,1,1,0,1,0,1,1
217,1,1,1,1,1,1,1,1,1,1,1,1,1,1,1,1,1,0
218,1,1,1,1,0,1,1,1,1,1,0,1,1,1,0,0,1,1
219,0,1,0,0,1,1,0,1,1,1,1,1,1,1,1,1,1,0
220,1,1,1,1,1,1,0,1,0,1,1,1,1,1,1,1,1,1
221,1,1,1,1,1,1,1,1,1,0,0,0,1,0,1,1,0,0
222,1,1,1,1,1,1,1,0,0,1,0,0,1,1,1,1,1,1
223,1,1,0,1,0,0,1,0,0,1,0,1,0,1,0,0,0,1
224,0,0,0,0,0,0,0,0,0,0,0,0,0,1,0,0,0,0
225,1,1,0,1,1,0,1,0,0,1,1,0,1,1,0,1,0,1
226,1,1,0,0,0,1,1,1,0,0,0,0,0,1,0,1,0,0
227,1,1,1,1,1,1,0,1,1,1,1,1,1,1,1,1,0,0
228,1,1,1,0,1,1,1,0,1,0,1,1,1,1,0,0,1,1
229,0,0,0,0,0,0,0,0,0,0,0,0,0,0,0,0,0,0
230,1,1,1,1,1,0,0,1,0,1,0,1,0,1,1,0,0,1
231,1,1,1,1,0,1,1,0,1,1,1,0,1,0,1,1,1,1
232,1,0,0,1,1,0,0,0,1,0,0,1,0,0,0,0,0,0
233,1,1,1,1,1,1,1,0,1,1,1,0,1,1,0,1,1,1
234,1,1,0,1,1,1,1,1,0,1,0,1,1,1,1,1,1,0
235,1,1,1,1,1,1,1,1,0,1,1,0,1,1,1,1,1,1
236,1,1,0,1,1,1,1,1,1,1,1,1,1,1,1,1,1,1
237,0,1,0,0,1,1,1,0,1,0,1,0,1,1,0,1,0,1
238,1,1,0,0,1,1,1,1,1,0,0,1,1,1,1,0,0,1
239,1,1,1,1,1,1,0,1,1,1,0,0,1,1,1,0,0,1
240,1,1,1,1,1,1,1,1,1,1,1,0,1,1,0,0,0,0
241,1,1,1,1,1,1,1,1,1,1,1,1,1,1,1,1,0,1
242,1,1,1,1,1,1,0,1,1,1,1,1,1,1,1,1,1,1
243,1,1,1,1,1,1,1,1,1,0,1,0,1,1,1,1,1,0
244,1,1,1,1,1,1,1,1,1,0,1,1,0,1,0,1,0,1
245,1,1,1,1,1,1,1,0,1,0,1,1,1,1,1,1,1,1
246,1,0,1,1,1,1,1,1,1,1,1,1,1,1,1,1,1,0
247,1,1,1,1,1,1,0,1,1,1,1,1,1,1,1,1,1,1
248,1,1,1,0,1,1,1,1,0,1,1,1,0,1,0,0,1,0
249,0,1,1,1,1,1,1,1,1,1,0,1,1,1,1,0,1,1
250,1,1,1,1,1,1,1,1,1,1,1,0,1,0,0,1,1,1
251,1,1,1,0,1,1,1,1,0,1,1,0,0,1,1,1,0,0
252,1,0,0,0,1,1,0,1,1,0,0,0,0,1,0,0,0,0
253,1,0,0,0,0,0,0,0,0,0,0,0,0,1,0,1,0,0
254,1,1,1,1,1,1,1,0,1,0,1,1,0,0,1,1,1,1
255,1,1,0,1,1,1,1,1,1,1,0,1,1,1,0,1,1,1
256,1,1,1,0,1,1,1,1,1,1,1,1,1,1,1,1,1,1
257,1,1,1,0,0,1,1,0,0,1,1,1,0,1,1,1,1,1
258,1,0,0,0,0,1,1,0,1,0,0,0,0,0,0,0,0,0
259,1,1,1,1,1,1,1,1,1,1,1,1,1,1,1,0,1,1
260,1,1,1,1,1,1,1,1,0,1,1,1,1,1,1,1,1,1
261,1,0,1,0,1,1,1,1,1,1,0,0,1,1,0,0,0,0
262,1,1,0,1,1,1,1,1,1,1,1,1,1,1,1,1,0,0
263,1,1,1,1,1,1,1,1,1,1,1,1,1,1,1,1,1,1
264,1,0,1,1,1,1,0,1,1,1,0,0,1,1,1,1,0,1
265,1,1,0,0,1,1,1,1,1,0,0,0,1,0,0,1,0,1
266,1,1,0,0,0,1,0,1,0,0,1,0,1,0,0,0,0,0
267,1,1,0,1,1,1,1,1,1,1,1,1,1,1,1,0,0,0
268,1,1,1,1,1,1,0,1,1,0,0,1,1,1,1,0,1,1
269,0,1,0,1,1,1,1,1,0,1,0,1,1,1,0,1,0,0
270,1,0,1,0,0,0,1,1,0,0,1,0,1,1,1,1,0,0
271,1,1,0,1,1,1,1,1,1,1,0,1,1,1,0,1,1,1
272,1,1,1,1,1,1,0,1,1,1,1,1,1,1,0,1,1,1
273,1,1,1,0,1,0,0,1,1,1,1,1,1,0,0,0,0,1
274,1,1,0,0,1,0,0,1,0,0,1,0,0,1,1,0,0,0
275,1,1,1,1,1,0,1,1,1,1,0,0,1,0,0,0,1,0
276,1,0,1,0,1,1,0,0,0,0,1,0,1,1,0,0,0,0
277,1,1,1,1,1,1,1,1,1,1,1,1,1,1,1,1,1,0
278,1,0,0,0,1,1,1,1,1,0,1,0,1,0,0,0,0,0
279,1,1,1,1,1,1,1,1,1,1,1,1,1,1,1,1,1,0
280,1,1,1,1,1,1,0,1,1,1,1,1,1,1,1,1,1,1
281,1,1,0,0,0,1,0,0,0,0,0,0,1,0,0,0,0,0
282,1,1,0,0,1,1,1,1,1,1,1,1,0,1,1,1,1,0
283,1,1,1,1,1,1,1,1,1,1,1,0,1,1,1,1,1,1
284,1,1,1,1,0,1,1,1,1,1,1,1,1,1,1,0,0,1
285,0,1,0,0,0,0,0,0,0,0,0,0,0,0,0,0,0,0
286,1,1,0,1,0,1,0,1,1,0,1,1,0,1,0,1,1,0
287,1,1,1,1,1,1,1,1,0,1,0,1,0,1,0,1,0,0
288,1,1,1,1,1,0,1,1,1,1,1,0,1,1,1,1,1,0
289,0,0,0,1,0,0,0,1,0,0,0,1,0,0,0,0,0,0
290,1,1,0,1,1,1,1,1,0,0,1,1,1,1,1,0,0,1
291,1,0,0,0,0,0,0,0,0,0,0,0,0,0,0,0,1,0
292,1,1,1,1,1,1,1,0,1,1,1,1,1,1,1,1,1,1
293,1,1,1,1,1,1,1,1,1,1,1,1,1,1,1,1,1,1
294,1,1,1,1,1,1,1,0,1,1,1,1,1,1,1,1,1,1
295,1,1,0,0,0,0,0,1,1,1,0,1,0,1,1,0,1,1
296,1,1,0,0,0,1,0,1,0,0,1,0,0,1,1,0,0,0
297,1,1,0,0,1,1,1,1,1,0,1,1,1,1,0,0,1,0
298,0,0,0,0,1,1,0,1,1,0,0,1,0,0,0,0,0,0
299,1,0,0,0,0,0,0,1,1,0,1,0,0,0,0,0,1,0
300,1,1,0,0,0,1,1,1,0,0,1,0,1,1,1,0,0,1
301,1,1,0,1,1,1,1,1,1,0,1,0,0,1,0,1,0,1
302,1,1,0,1,1,1,0,1,1,1,1,1,1,1,1,1,1,1
303,1,1,1,1,1,1,1,1,1,1,0,1,1,1,1,1,1,1
304,0,1,1,0,1,1,0,1,0,1,0,0,0,0,1,1,0,0
305,0,1,0,0,0,0,1,1,1,1,0,0,0,0,1,1,1,0
306,1,1,1,1,1,1,1,1,0,1,0,0,1,0,1,1,1,0
307,1,1,0,0,1,0,0,1,1,0,0,1,1,1,0,0,1,0
308,0,1,0,0,1,0,1,0,1,1,0,0,1,1,1,1,1,0
309,1,1,1,1,1,0,1,0,1,1,1,0,1,1,1,1,0,1
310,1,1,1,1,1,0,1,0,1,1,1,1,1,1,0,0,1,1
311,1,1,1,1,1,1,1,1,1,1,1,1,1,1,1,1,1,1
312,1,1,1,0,1,1,1,0,0,1,1,0,0,1,0,1,0,0
313,0,0,0,1,1,1,1,0,0,1,0,0,1,1,1,0,1,0
314,1,1,1,1,1,1,1,1,1,1,1,1,1,1,1,1,1,1
315,1,1,1,1,0,1,1,1,1,1,1,1,1,1,1,1,1,0
316,1,1,1,1,1,1,0,1,1,1,0,1,1,0,0,0,1,1
317,1,1,0,1,1,1,1,1,1,1,1,0,1,1,1,0,1,1
318,1,1,1,0,1,0,1,1,1,1,1,1,1,0,0,1,0,0
319,1,0,0,1,1,1,1,1,1,1,1,1,1,1,1,1,1,1
320,1,1,1,1,1,1,1,0,1,1,1,0,1,1,1,0,1,0
321,0,1,0,0,0,1,0,0,0,1,0,0,1,1,0,0,0,0
322,1,1,1,1,1,0,1,0,1,1,0,1,1,1,1,1,0,0
323,0,1,1,0,0,1,1,0,1,0,0,0,0,1,1,0,1,0
324,0,1,0,0,1,1,0,0,0,1,0,0,1,1,0,0,0,0
325,1,0,1,1,1,1,1,1,1,0,1,1,1,1,1,1,1,1
326,1,0,1,0,0,1,1,1,1,1,0,0,0,0,0,1,0,1
327,1,1,1,1,1,1,1,1,1,1,1,1,1,1,1,0,1,1
328,0,0,1,1,0,1,0,0,0,1,0,0,0,1,1,0,1,0
329,0,1,0,1,1,1,1,0,1,0,1,0,1,1,1,0,1,0
330,0,0,0,0,0,0,0,0,0,0,0,1,0,0,0,0,0,0
331,0,1,1,1,1,1,1,1,1,1,1,0,1,1,1,1,0,0
332,1,1,1,1,1,1,1,1,0,1,0,1,1,0,0,1,1,1
333,1,1,0,1,1,1,1,1,1,1,1,1,1,1,1,1,1,1
334,1,0,0,0,1,1,1,1,1,0,0,0,1,1,0,0,0,0
335,0,1,0,1,1,1,1,1,1,1,0,1,0,1,0,0,0,0
336,1,0,0,0,0,1,0,1,0,1,0,1,1,1,0,0,1,1
337,1,0,0,1,0,1,1,1,1,0,1,1,1,1,1,1,1,0
338,1,1,1,0,0,0,1,1,0,1,1,1,1,0,0,0,0,0
339,1,1,1,1,1,1,1,1,1,0,0,1,1,1,1,1,0,1
340,0,1,1,1,1,1,1,1,1,1,0,1,1,1,1,1,1,0
341,1,1,0,1,1,1,1,1,1,1,0,1,1,1,1,1,1,1
342,0,0,1,0,0,0,0,0,0,0,0,0,0,1,0,1,0,0
343,1,1,0,0,1,1,1,1,0,1,1,1,1,1,0,1,0,1
344,1,1,0,1,1,1,0,1,1,1,0,1,0,0,1,1,0,1
345,1,1,1,0,1,1,1,1,1,1,1,1,1,1,1,1,1,1
346,0,1,1,0,0,0,0,1,0,1,0,0,0,1,1,0,0,0
347,1,1,1,1,1,1,1,1,1,1,0,1,1,1,1,1,1,0
348,1,1,0,1,1,1,1,1,0,1,0,1,0,1,0,0,0,0
349,0,1,0,0,1,1,1,1,0,1,0,0,0,0,0,0,0,0
350,0,0,1,1,1,1,0,1,0,1,1,0,1,0,0,1,1,0
351,0,1,1,0,1,1,0,1,0,1,0,1,0,1,0,1,1,1
352,1,1,0,1,0,1,1,1,1,1,0,0,0,1,1,0,1,0
353,1,1,0,0,1,0,1,0,0,0,0,0,0,0,0,0,1,0
354,1,1,1,1,1,1,1,1,0,1,1,1,1,1,1,1,1,0
355,1,1,0,0,1,1,0,0,0,0,1,0,0,1,1,0,0,0
356,1,1,1,1,1,1,1,1,1,1,1,1,1,1,0,1,1,1
357,1,1,0,0,1,1,0,0,0,1,0,0,1,1,0,1,0,0
358,1,1,1,1,1,1,1,1,1,1,1,1,1,1,1,1,1,0
359,1,1,1,0,1,0,0,0,0,0,0,1,1,1,1,0,0,0
360,0,0,1,1,1,1,0,0,0,0,0,1,0,1,1,1,0,0
361,1,1,0,1,1,0,1,0,1,1,1,1,1,1,0,1,0,0
362,1,1,1,1,0,1,0,1,1,1,0,1,1,1,1,0,0,0
363,1,1,0,0,1,1,0,1,1,0,0,1,0,1,0,0,0,1
364,1,1,1,1,1,1,1,0,0,0,0,1,0,0,1,1,0,0
365,1,1,0,1,1,0,1,0,1,0,1,1,1,1,0,1,0,0
366,1,0,1,1,0,0,0,0,1,0,0,0,1,0,0,0,1,0
367,1,1,1,1,1,1,1,1,1,1,1,1,1,1,1,0,1,1
368,1,1,1,0,1,1,1,1,1,1,0,0,1,1,1,1,1,0
369,1,1,1,1,1,1,1,1,1,1,1,0,1,1,1,1,1,0
370,1,0,1,1,0,0,0,0,0,0,0,0,1,0,1,0,0,0
371,1,1,0,1,1,1,1,1,1,1,0,1,1,1,1,0,0,0
372,1,1,0,0,1,0,1,1,1,1,0,1,0,1,0,1,0,0
373,0,1,0,0,1,1,1,0,1,0,0,0,0,1,0,0,0,0
374,1,1,1,1,1,1,1,1,1,1,1,1,1,1,1,1,1,0
375,1,1,1,1,1,1,1,1,1,0,1,1,1,1,0,0,1,1
376,1,1,1,0,1,1,1,0,1,0,1,1,1,1,0,0,0,1
377,1,1,1,0,1,1,1,1,1,0,0,1,0,1,0,0,0,1
378,1,1,0,1,1,1,0,1,1,1,1,1,1,1,1,0,1,0
379,0,1,1,0,0,0,0,0,1,0,0,0,0,0,1,0,0,1
380,0,1,0,0,1,0,0,0,1,1,0,0,0,0,0,0,0,0
381,0,1,0,1,1,0,1,0,0,1,0,1,0,0,1,0,0,1
382,0,1,0,1,1,1,1,0,1,0,0,0,1,0,0,1,0,0
383,1,1,1,0,1,1,1,0,0,0,1,0,0,1,0,1,0,0
384,1,1,1,1,1,1,1,1,0,1,1,1,1,1,0,1,1,0
385,1,0,0,1,1,0,0,0,0,0,0,1,0,1,0,0,0,0
386,1,1,1,0,1,1,0,1,1,1,0,0,1,1,1,0,1,0
387,1,0,1,0,1,1,0,0,1,1,1,0,1,1,1,1,0,1
388,1,1,0,1,1,0,1,0,0,1,0,0,1,1,0,0,0,0
389,1,1,1,1,0,1,0,0,0,1,0,1,0,0,1,0,0,1
390,1,1,1,0,1,1,1,1,1,1,0,1,1,1,1,0,1,0
391,1,1,0,1,1,1,1,1,0,1,1,1,1,1,0,0,0,1
392,0,1,0,0,0,0,1,0,1,1,0,1,1,1,0,0,0,0
393,1,0,1,0,0,1,0,0,1,1,1,0,0,0,0,0,0,1
394,1,1,0,1,1,0,0,1,1,0,0,0,0,0,0,0,0,0
395,1,1,0,0,0,0,0,0,1,0,0,0,0,1,0,0,0,0
396,1,1,1,1,1,0,0,1,0,1,0,1,1,1,1,0,0,1
397,1,0,0,1,1,0,0,1,1,0,0,0,0,0,1,0,1,0
398,1,1,0,0,1,1,1,1,0,1,0,1,1,1,1,1,0,0
399,1,1,1,1,1,1,0,0,0,0,0,0,0,0,0,1,0,0
400,0,1,0,0,1,0,1,0,0,1,1,0,1,1,0,0,0,0
401,1,1,1,1,1,1,1,1,1,1,1,1,1,1,0,1,1,1
402,1,1,1,1,0,0,1,1,0,0,1,1,0,1,1,0,1,0
403,1,1,1,1,1,1,1,1,1,1,1,1,1,1,1,1,0,0
404,1,1,1,1,1,1,1,1,1,1,1,0,1,1,0,1,1,1
405,1,1,1,1,1,1,0,0,1,1,0,1,0,1,0,1,0,0
406,1,1,1,1,1,1,1,1,1,1,1,1,1,1,1,1,0,1
407,0,1,1,0,1,0,0,0,0,0,0,0,0,0,1,1,0,0
408,1,1,0,1,1,1,0,1,1,1,1,1,0,1,1,1,1,0
409,1,0,0,1,1,0,1,1,1,0,0,1,1,0,0,0,0,0
410,1,1,1,0,1,0,1,0,0,1,0,1,0,1,0,0,1,1
411,1,1,0,0,1,1,1,0,0,1,1,1,1,1,0,1,0,0
412,1,1,1,1,0,1,0,1,1,0,0,1,1,1,1,1,0,1
413,0,1,0,1,1,1,0,1,0,1,1,0,1,1,1,0,0,0
414,1,1,1,0,1,1,1,1,1,1,1,0,0,1,1,0,1,1
415,1,1,0,1,1,1,0,0,1,1,0,1,0,1,1,0,1,0
416,1,1,0,0,0,1,0,0,1,0,0,0,0,0,1,0,0,0
417,0,1,0,1,1,0,0,0,1,1,1,0,1,0,0,0,0,0
418,0,1,1,1,1,0,0,1,0,0,0,1,0,0,0,1,1,1
419,1,1,1,0,1,1,0,1,0,1,1,0,0,1,1,1,0,1
420,0,1,0,0,0,0,0,0,1,0,0,0,0,0,0,0,1,0
421,1,1,0,1,1,1,1,1,1,1,1,1,1,1,0,1,1,0
422,0,0,1,1,0,0,0,0,0,1,0,0,0,0,0,0,0,0
423,1,1,1,0,1,0,0,0,1,0,1,1,1,1,0,1,1,0
424,1,1,1,1,1,1,1,1,1,1,1,1,1,1,1,1,0,0
425,1,1,1,1,1,1,1,1,0,0,1,0,1,1,1,1,1,0
426,1,1,1,1,0,1,0,0,1,1,0,0,0,0,0,1,0,0
427,1,1,1,1,1,0,1,1,1,0,0,1,1,1,1,1,0,0
428,1,1,1,1,1,1,1,0,1,1,1,0,1,1,1,1,1,1
429,1,1,0,0,1,1,0,1,0,1,1,1,1,0,1,1,1,0
430,1,1,1,1,1,1,1,1,1,1,1,1,1,1,1,1,1,1
431,1,1,1,0,1,1,1,1,1,1,1,1,1,1,1,1,1,0
432,0,1,0,1,1,1,1,0,1,1,1,1,1,1,1,1,0,0
433,1,1,0,0,1,1,0,0,0,0,0,0,1,0,0,1,0,1
434,1,1,1,1,1,1,1,1,1,0,0,1,1,1,1,1,0,0
435,1,1,1,0,0,1,0,1,0,0,0,0,0,1,0,0,1,1
436,1,1,0,0,1,1,0,0,1,1,1,0,0,0,0,1,0,0
437,1,0,1,0,1,1,1,1,1,1,0,0,0,1,0,0,0,1
438,1,1,1,1,0,1,1,1,0,0,0,1,1,0,1,1,1,1
439,1,1,1,1,1,1,1,1,1,1,1,1,1,1,1,1,1,0
440,1,1,1,1,1,1,1,1,1,1,1,0,1,0,1,0,1,1
441,1,1,1,0,1,1,1,1,1,1,1,1,1,1,1,1,0,1
442,1,1,1,1,1,0,0,0,1,1,0,0,0,1,1,0,0,0
443,1,0,1,0,0,0,1,1,1,1,0,1,1,0,1,1,1,0
444,1,1,1,0,1,1,1,1,1,1,1,1,1,1,1,0,1,1
445,0,1,0,1,0,1,0,1,1,1,1,0,1,0,1,0,1,0
446,0,1,0,0,1,1,1,0,1,1,1,0,0,0,1,1,0,0
447,1,1,1,1,1,1,1,1,1,1,1,1,1,1,1,1,1,1
448,1,0,0,1,1,1,0,0,0,0,0,0,1,0,0,0,0,0
449,0,1,1,0,0,1,1,1,1,0,1,0,1,1,1,0,0,0
450,1,1,1,1,0,1,0,0,1,1,1,0,0,1,1,0,0,0
451,1,1,0,0,1,1,1,1,1,1,1,0,1,1,0,1,1,0
452,1,1,1,1,1,0,1,1,1,0,1,1,1,1,1,1,1,1
453,1,1,1,0,1,0,1,1,1,1,1,1,1,1,1,1,1,0
454,1,1,1,1,1,1,1,1,1,1,1,0,0,0,0,1,1,0
455,1,0,1,1,1,1,1,1,1,0,1,1,1,1,1,1,1,1
456,1,1,0,0,1,1,0,1,1,0,1,0,1,0,1,1,0,0
457,1,1,0,1,0,0,1,1,1,0,1,1,1,1,1,1,0,0
458,1,1,1,1,1,0,1,1,1,0,0,0,1,0,1,1,0,0
459,1,1,1,1,1,0,1,1,1,1,1,1,1,1,1,1,0,1
460,1,1,0,1,1,1,1,1,0,1,0,0,1,1,0,0,0,1
461,1,0,1,1,1,1,1,1,1,1,1,1,0,1,1,0,1,1
462,1,1,0,1,1,1,0,1,1,0,1,0,1,1,1,1,0,1
463,1,1,1,0,1,0,1,1,1,0,0,1,0,1,1,0,0,0
464,1,1,1,1,1,1,1,1,1,1,1,0,1,1,1,1,0,0
465,1,1,1,1,0,0,1,1,0,1,0,1,1,1,0,1,1,0
466,1,1,1,1,0,1,1,1,1,0,1,1,1,1,1,1,0,1
467,1,1,1,0,1,1,1,1,1,1,1,1,1,1,1,1,0,1
468,1,1,0,0,0,0,0,0,1,1,0,0,0,0,0,0,0,0
469,1,1,1,1,1,1,0,1,1,1,1,1,1,1,1,1,1,1
470,0,1,1,1,1,0,0,1,0,0,1,0,1,1,1,0,0,1
471,1,0,0,0,1,1,1,1,0,0,0,0,1,1,0,0,1,0
472,1,1,1,1,1,1,1,1,1,1,1,1,1,1,1,1,1,0
473,1,1,1,0,1,1,1,1,1,0,1,0,1,1,1,0,1,1
474,1,1,1,0,1,1,1,1,1,1,1,1,1,1,1,1,1,0
475,1,1,1,1,1,1,1,1,1,1,0,1,1,1,0,0,0,0
476,1,1,1,1,1,1,1,1,0,1,0,1,1,0,1,0,0,1
477,1,1,0,0,1,1,0,1,1,0,0,1,0,0,0,0,1,0
478,1,1,0,1,0,1,1,1,1,1,1,1,1,1,1,1,1,1
479,0,1,0,0,0,0,1,1,1,1,0,0,1,1,1,0,0,0
480,0,1,1,1,1,0,0,0,1,1,1,0,0,1,0,0,0,0
481,1,1,1,0,1,1,1,1,1,0,1,1,1,1,1,1,0,1
482,1,0,1,0,0,0,1,1,0,0,1,1,1,1,0,1,0,0
483,1,1,1,1,1,1,1,1,1,0,1,1,1,1,1,1,1,0
484,0,0,1,0,0,1,0,1,0,0,1,0,1,0,0,0,0,0
485,1,1,1,1,1,1,1,1,1,1,1,1,1,1,1,1,1,1
486,1,1,1,1,1,1,1,1,0,1,1,1,1,1,0,1,1,0
487,1,1,1,1,1,1,0,0,1,0,1,0,1,0,0,0,0,0
488,0,0,0,0,0,0,1,0,0,0,1,0,0,0,0,0,1,0
489,1,0,1,0,1,1,1,1,0,0,0,0,0,0,0,0,0,1
490,1,1,0,0,1,1,1,1,1,1,1,1,1,1,0,0,1,0
491,1,1,1,1,0,1,1,1,1,1,1,1,1,1,1,0,0,1
492,1,1,0,1,1,1,1,1,0,0,1,1,1,1,0,1,1,1
493,0,1,0,1,1,0,0,1,0,0,0,1,0,0,0,0,0,1
494,0,1,0,0,1,1,0,0,0,1,1,1,1,1,0,0,0,0
495,1,0,1,1,1,0,0,1,0,1,1,0,0,1,1,0,0,0
496,1,0,0,1,1,1,1,1,1,1,0,1,1,0,1,1,1,1
497,1,1,1,0,1,1,0,0,1,1,1,1,1,1,1,0,1,1
498,0,1,0,1,0,0,0,0,0,0,0,0,0,0,1,1,0,0
499,1,1,0,0,0,1,0,0,0,1,0,0,1,1,1,0,1,0
500,1,1,1,0,1,1,1,1,1,1,1,1,1,1,1,1,1,1
501,0,1,0,1,1,1,0,0,1,1,1,1,1,1,0,1,0,1
502,1,0,1,0,0,1,1,1,1,1,1,1,1,1,1,1,1,0
503,1,1,1,0,1,1,0,0,1,1,1,1,0,1,0,1,0,0
504,1,1,1,1,1,1,1,1,1,0,1,1,1,1,0,0,1,0
505,1,1,0,0,0,1,0,0,1,1,0,0,1,1,1,0,0,0
506,1,1,1,1,0,0,1,1,1,1,1,1,1,1,0,0,1,0
507,0,1,1,0,1,1,0,0,1,0,0,1,0,1,1,0,1,1
508,1,0,0,0,0,1,0,0,0,0,0,1,0,1,0,0,0,0
509,1,0,0,0,0,0,1,1,1,1,1,1,1,1,0,1,0,0
510,1,1,0,1,1,1,0,0,0,0,0,0,1,0,0,0,0,0
511,1,1,1,1,1,0,1,0,0,0,0,1,1,1,0,0,0,0
512,1,1,1,1,1,1,1,0,1,0,1,0,1,1,1,0,1,1
513,1,1,0,0,1,0,0,0,0,1,0,0,1,1,1,0,0,1
514,1,0,1,0,0,0,1,1,1,0,0,0,1,1,0,0,0,0
515,1,1,1,1,1,1,1,1,1,1,0,0,1,0,1,0,0,0
516,1,1,1,1,1,1,1,1,1,0,0,1,1,1,1,0,0,1
517,1,1,0,1,0,1,0,1,0,0,0,1,0,1,0,0,0,0
518,1,0,0,0,1,1,1,0,1,1,1,0,0,1,0,1,0,0
519,0,1,0,0,1,0,1,1,0,0,0,0,0,1,0,0,0,1
520,1,0,0,0,0,1,0,0,0,1,0,0,1,0,1,0,0,0
521,1,1,1,1,1,1,1,0,0,1,0,1,1,1,1,1,0,0
522,1,1,1,1,1,1,1,1,1,1,0,1,1,1,1,0,1,1
523,0,1,1,1,0,0,0,0,0,0,0,0,1,0,1,0,1,0
524,1,1,1,0,1,1,0,1,0,1,0,0,1,1,1,1,1,0
525,1,1,1,0,1,1,0,1,1,1,0,0,1,0,1,1,0,1
526,1,1,0,1,1,1,1,1,0,1,0,1,1,1,1,1,1,0
527,1,1,1,1,1,1,1,1,1,1,1,0,1,1,0,1,0,0
528,1,1,1,1,0,1,1,1,0,1,0,1,1,0,1,0,1,1
529,1,0,1,0,1,1,1,0,0,0,1,1,1,0,1,1,1,1
530,1,1,1,0,0,1,1,1,0,1,1,1,1,1,1,0,0,1
531,1,0,1,0,1,0,0,0,0,1,0,0,0,1,0,0,1,0
532,1,0,1,0,0,0,0,0,0,0,0,0,0,1,0,0,0,0
533,1,1,0,0,1,1,1,0,1,1,0,1,1,1,1,0,0,0
534,1,1,1,1,1,0,1,1,1,1,1,1,1,1,1,1,1,0
535,1,1,0,0,1,1,1,1,0,1,0,0,0,1,0,1,0,0
536,1,1,1,1,1,1,1,1,1,1,1,1,1,1,1,1,1,1
537,1,1,1,1,1,1,1,0,1,1,1,1,1,1,1,1,1,0
538,0,1,0,0,1,1,1,0,0,0,0,0,0,0,0,0,0,0
539,1,1,1,0,1,1,1,1,1,1,1,1,0,1,1,1,0,0
540,0,1,0,1,0,1,0,0,0,1,0,1,1,1,0,0,0,1
541,1,1,1,1,0,0,0,1,1,1,1,1,0,1,0,1,0,0
542,1,0,0,1,0,0,1,0,0,0,0,0,1,0,0,0,0,0
543,1,1,1,1,1,1,1,0,1,1,1,1,1,1,1,1,1,1
544,1,0,1,1,1,1,0,1,1,1,1,1,1,1,0,0,1,1
545,1,1,0,0,0,1,0,1,0,1,0,1,1,1,1,1,1,1
546,1,1,1,1,1,1,1,1,1,1,1,1,0,1,1,1,1,1
547,1,1,1,1,1,0,1,1,0,1,1,1,1,1,1,1,1,1
548,1,1,1,1,1,1,0,1,1,0,1,0,1,1,1,1,1,0
549,1,1,1,1,1,1,1,1,1,1,1,1,1,1,1,0,1,1
550,1,1,1,0,1,1,1,1,1,1,1,0,1,1,1,1,0,1
551,1,0,0,0,1,1,0,1,0,1,0,1,0,0,0,0,0,0
552,1,1,1,1,1,1,1,1,1,1,1,1,1,1,1,0,1,1
553,1,1,1,1,1,1,1,1,1,0,1,1,1,1,0,1,0,1
554,0,1,1,1,1,1,1,1,0,1,0,0,0,0,0,0,1,0
555,0,0,0,1,0,1,1,1,1,0,0,0,0,1,1,0,1,1
556,1,1,1,1,1,1,1,1,1,1,1,1,1,1,1,0,1,1
557,1,0,0,0,1,0,1,1,0,1,0,1,0,1,1,1,0,1
558,1,1,1,1,1,0,0,1,1,0,1,1,1,1,1,1,0,1
559,1,1,1,1,0,1,0,1,0,0,1,0,0,0,0,0,0,0
560,1,1,1,1,1,1,1,1,1,1,1,0,1,1,1,1,1,1
561,1,1,0,1,1,1,1,1,1,1,0,1,1,0,1,1,1,0
562,0,0,0,0,1,1,0,1,0,1,0,1,0,0,1,0,0,0
563,1,1,0,1,1,1,1,1,1,1,1,1,1,1,1,1,1,1
564,1,1,1,1,1,1,1,0,1,1,0,0,0,1,1,1,0,0
565,1,1,0,0,0,1,0,1,1,1,0,1,1,1,1,0,1,0
566,1,1,0,0,0,0,1,1,1,1,1,1,0,1,0,1,0,0
567,1,1,1,1,1,1,1,1,1,1,1,1,1,1,1,1,0,1
568,1,1,0,1,1,0,1,0,1,1,1,1,1,1,0,0,1,1
569,1,1,1,1,1,1,1,1,1,0,0,0,0,1,1,1,0,0
570,0,1,0,1,1,0,1,0,1,0,0,0,0,0,1,0,1,1
571,1,1,1,1,1,1,0,1,1,1,1,1,1,1,1,1,1,1
572,1,1,1,1,1,1,1,1,1,1,1,1,1,1,1,1,1,1
573,1,1,1,1,1,1,1,1,1,1,1,1,1,1,1,1,1,1
574,1,1,1,1,1,1,1,1,1,1,0,0,1,1,1,1,1,1
575,1,1,1,0,1,0,1,1,1,1,1,0,0,1,1,1,1,1
576,1,1,1,0,1,1,0,1,0,0,0,0,0,0,1,0,0,0
577,1,1,1,1,1,1,1,1,1,1,1,1,1,1,1,1,1,1
578,0,0,0,0,1,0,1,0,0,0,0,1,0,1,1,0,1,0
579,1,1,1,1,0,1,1,0,1,1,0,0,0,1,0,1,0,0
580,0,1,0,0,0,1,0,1,0,0,1,0,0,0,0,0,0,0
581,1,1,1,0,1,1,0,1,0,0,0,1,1,0,1,0,1,1
582,0,0,0,0,1,1,0,1,1,0,0,1,0,0,1,0,0,0
583,0,0,1,1,1,1,1,1,1,1,1,0,1,1,0,0,1,1
584,1,1,0,1,1,1,1,0,1,1,1,1,0,1,0,0,0,0
585,1,1,1,1,1,1,0,1,0,0,0,1,1,1,1,1,0,0
586,1,0,1,1,1,1,1,1,0,1,1,1,1,1,1,1,1,1
587,0,0,0,1,0,0,0,0,0,0,0,1,0,1,0,0,0,0
588,0,0,0,1,1,0,1,0,1,1,0,1,1,1,1,1,1,1
589,1,1,0,1,1,1,1,0,0,1,1,0,0,0,1,0,1,1
590,1,1,0,0,0,0,0,0,0,0,0,0,0,0,0,0,0,0
591,0,1,1,0,1,1,1,1,0,1,0,0,1,0,0,1,1,0
592,1,1,1,1,1,1,1,1,0,1,0,1,1,1,1,1,1,0
593,1,1,1,0,1,1,1,1,1,1,1,1,1,1,1,0,1,0
594,1,1,1,0,1,0,1,1,0,1,0,1,1,0,0,1,0,1
595,0,1,1,1,1,1,1,0,0,1,0,0,0,1,0,0,1,1
596,1,1,1,1,1,1,0,1,1,1,1,1,1,1,0,0,1,1
597,0,0,0,1,1,0,0,1,1,0,0,0,0,0,0,0,1,0
598,1,1,1,0,1,1,1,1,1,0,1,1,1,1,1,0,1,1
599,0,1,0,0,1,1,0,0,0,0,0,0,1,1,0,0,0,0
600,0,1,1,0,1,1,1,0,1,1,0,0,1,0,1,1,1,0
601,0,0,0,1,1,1,1,0,0,0,1,0,1,1,0,0,0,0
602,1,1,1,1,1,1,1,1,1,0,0,0,1,1,0,0,0,0
603,1,1,1,1,1,1,1,1,0,0,1,0,1,1,0,0,0,1
604,1,1,1,1,1,1,1,1,1,1,0,1,1,1,1,1,1,1
605,1,1,0,0,1,0,0,1,0,1,0,0,1,0,1,1,0,0
606,1,1,1,1,1,1,1,1,1,1,1,1,1,1,1,1,1,1
607,1,1,1,0,0,1,1,1,0,1,0,0,0,0,0,0,0,1
608,1,1,1,1,1,1,1,1,1,0,0,0,1,1,1,1,1,1
609,1,0,1,1,1,1,1,1,1,1,1,1,1,1,1,1,1,0
610,0,1,0,0,0,1,0,0,0,0,0,0,1,0,0,0,0,0
611,1,1,0,0,0,0,0,0,0,0,0,0,1,0,0,0,0,1
612,0,1,0,0,0,1,1,1,0,0,0,0,1,1,0,0,0,0
613,1,1,1,1,1,1,1,1,1,0,1,1,1,1,1,0,1,0
614,1,1,1,1,1,1,1,1,1,1,1,1,1,1,1,1,0,0
615,1,0,0,0,1,0,0,0,1,0,0,0,1,0,1,0,0,0
616,0,1,0,1,0,1,1,1,1,1,0,0,1,1,1,1,0,1
617,0,1,0,0,0,0,0,0,0,0,0,1,0,1,0,0,0,0
618,1,1,1,1,1,1,0,1,1,1,1,0,1,1,1,1,1,1
619,1,1,0,0,0,0,0,0,0,1,0,0,1,0,0,0,0,0
620,0,1,0,0,0,0,0,1,0,0,0,0,0,0,0,0,0,0
621,1,1,1,0,1,1,1,1,0,0,1,1,0,1,0,0,1,1
622,1,1,1,1,1,1,1,1,1,1,1,1,0,1,1,1,1,1
623,0,0,1,0,0,0,0,1,0,0,0,0,1,1,0,0,0,1
624,1,1,0,1,1,1,0,0,0,0,1,1,1,1,0,0,1,0
625,1,1,1,1,1,1,1,1,0,1,1,0,1,1,1,1,0,1
626,1,0,0,0,0,0,0,1,0,0,0,0,0,0,0,0,0,0
627,1,1,1,0,1,0,1,1,1,0,1,0,0,0,0,1,0,0
628,1,0,0,0,1,0,0,0,1,0,0,1,1,1,0,1,1,1
629,1,1,1,0,1,1,0,1,1,1,1,0,1,1,1,1,0,1
630,1,1,1,1,1,1,0,1,1,1,1,1,1,1,1,1,1,1
631,0,1,0,1,0,0,0,0,1,0,1,0,0,0,0,0,0,0
632,1,1,0,1,1,1,0,1,0,1,1,1,1,1,0,1,1,0
633,0,0,0,0,0,1,1,0,0,0,0,0,0,0,0,0,0,0
634,1,1,1,1,1,1,1,1,1,1,0,1,1,1,1,1,0,1
635,0,1,0,0,1,1,0,0,0,0,0,0,0,0,0,1,0,0
636,1,0,0,0,1,1,0,1,0,1,0,1,1,1,1,1,0,1
637,1,1,1,1,0,1,1,1,0,1,1,1,1,1,1,1,0,0
638,0,1,0,0,1,0,0,1,0,1,0,0,0,1,0,1,0,0
639,0,0,0,1,1,0,0,1,0,0,0,0,0,1,1,0,0,0
640,1,0,0,0,0,1,1,1,1,0,0,0,1,1,1,0,0,0
641,1,0,1,0,1,1,0,1,1,1,1,1,0,1,1,0,1,0
642,1,1,1,1,1,0,0,0,0,1,1,0,1,1,1,1,0,0
643,1,1,0,0,1,1,1,1,1,1,1,1,1,1,0,1,0,1
644,1,1,1,1,1,1,0,1,1,1,1,1,1,1,1,1,1,1
645,0,0,1,0,1,0,0,1,0,0,0,0,0,1,0,0,0,0
646,1,1,1,1,0,1,1,1,0,1,1,0,0,1,1,1,0,0
647,0,1,1,1,0,1,1,1,1,1,0,0,1,1,0,1,1,0
648,1,1,1,1,1,1,1,1,1,1,1,0,1,1,1,1,1,1
649,1,1,1,1,1,1,1,1,1,1,0,1,1,1,0,1,1,1
650,1,1,1,1,1,1,1,1,1,1,1,1,1,1,1,1,1,1
651,1,1,1,1,1,1,1,1,1,1,1,0,1,0,1,0,1,0
652,1,1,1,1,0,1,0,1,1,0,0,1,0,0,0,0,0,0
653,1,1,1,1,1,1,0,1,1,0,0,1,1,1,1,0,1,1
654,1,1,1,1,1,1,1,1,1,1,1,1,1,1,1,1,1,1
655,1,0,0,0,0,1,1,0,1,0,1,1,1,1,1,1,1,0
656,1,1,1,1,1,1,1,1,1,1,1,1,1,1,1,1,1,0
657,0,1,1,1,1,1,1,0,0,0,1,1,1,0,0,0,1,1
658,1,1,1,1,0,1,1,1,0,0,0,0,0,0,0,0,0,0
659,1,1,1,1,1,1,1,1,1,0,1,1,1,1,1,1,1,0
660,1,1,0,1,0,0,0,1,1,1,0,0,1,0,1,1,1,1
661,1,1,1,1,1,1,1,1,1,0,1,1,1,1,1,1,1,0
662,1,1,1,1,1,1,1,1,0,1,1,1,0,1,0,1,0,1
663,1,1,1,1,1,1,1,1,1,1,1,1,1,1,1,1,1,1
664,1,1,1,1,1,0,1,1,0,1,1,0,1,0,0,0,0,1
665,1,1,1,0,1,1,1,1,1,0,1,1,1,1,1,1,1,0
666,0,1,0,1,1,0,1,0,1,1,0,0,0,1,0,1,0,1
667,0,1,0,0,0,0,0,1,0,0,0,0,1,1,0,1,0,0
668,1,1,0,1,1,1,1,0,1,0,0,0,0,0,0,0,1,0
669,1,1,1,1,1,1,1,1,1,1,1,1,1,1,1,1,1,0
670,1,1,1,1,1,1,1,1,1,1,1,1,1,1,1,0,1,1
671,1,1,1,0,1,0,1,1,1,1,0,0,0,0,0,0,0,1
672,0,1,0,0,1,0,0,0,0,0,0,0,1,0,0,0,0,0
673,0,0,0,0,0,1,0,1,0,0,0,0,1,1,0,0,0,0
674,1,1,0,1,1,1,0,1,1,1,1,1,0,1,0,1,0,0
675,1,1,1,1,1,1,0,1,1,1,0,0,1,1,0,1,1,0
676,0,1,0,1,1,1,1,1,1,1,0,0,1,1,1,0,0,0
677,1,1,1,0,0,0,0,1,1,1,0,1,0,0,1,1,1,0
678,1,0,0,0,1,1,0,1,0,1,0,1,1,0,0,0,1,0
679,0,1,0,1,1,1,0,1,1,1,1,0,1,1,0,0,0,1
680,1,1,1,0,1,0,1,0,1,1,0,1,0,0,1,0,0,0
681,1,1,1,1,1,1,1,1,1,1,1,1,1,1,1,0,0,1
682,1,0,0,0,0,0,0,0,0,0,0,0,0,0,0,0,0,0
683,1,1,1,1,1,1,1,1,1,1,0,1,1,1,1,1,0,0
684,1,1,1,0,1,0,0,0,0,1,0,0,1,1,0,0,0,0
685,1,1,1,1,1,1,1,1,0,0,0,1,0,1,1,1,1,0
686,1,1,1,0,1,0,1,1,1,1,1,1,1,1,1,1,1,1
687,1,1,1,1,1,0,1,0,1,1,1,1,1,1,1,1,1,1
688,1,1,1,1,1,1,1,1,1,1,1,1,1,1,1,1,1,1
689,0,1,1,0,0,1,0,0,0,1,0,0,0,0,1,0,0,0
690,1,1,0,0,1,1,1,0,1,0,0,0,1,1,0,0,0,1
691,1,1,1,1,1,1,1,1,1,1,1,1,1,1,1,1,1,1
692,1,1,1,1,1,1,1,0,0,0,0,1,0,1,1,0,1,0
693,1,1,1,1,1,1,1,1,1,1,1,1,1,1,1,1,1,1
694,0,1,1,0,0,0,0,0,1,0,0,0,0,0,0,0,1,0
695,1,1,1,0,0,1,0,0,0,0,0,0,1,0,0,0,0,0
696,1,1,1,1,0,1,1,0,1,1,1,0,0,1,1,0,1,0
697,1,0,0,0,1,1,0,0,0,0,0,0,1,0,0,0,0,0
698,0,1,0,1,1,1,1,0,0,1,0,0,0,0,1,0,0,0
699,0,0,1,0,0,1,1,1,0,0,1,0,0,0,1,0,0,0
700,1,0,1,0,1,1,1,1,1,0,0,0,0,1,1,0,0,0
701,1,0,0,0,1,0,0,0,1,0,0,0,1,1,0,0,1,0
702,1,0,0,0,1,0,1,1,1,0,0,1,1,1,0,1,0,0
703,0,1,0,0,0,0,0,0,0,0,0,0,0,0,1,1,0,0
704,1,1,1,1,1,1,1,1,0,1,1,1,1,0,1,1,1,1
705,0,0,0,0,0,0,1,0,0,0,1,0,0,1,0,0,0,0
706,1,1,0,1,0,1,0,1,0,1,0,1,1,1,0,1,0,0
707,1,1,0,1,1,0,0,0,1,1,1,1,1,1,0,0,0,0
708,1,1,1,1,1,1,1,1,1,1,1,1,1,1,1,1,1,1
709,1,1,0,1,1,1,0,1,1,1,1,1,1,0,1,1,1,0
710,1,1,0,1,1,1,1,1,0,0,0,0,1,1,0,0,1,1
711,1,1,1,1,1,1,1,1,0,0,1,1,0,1,1,1,1,1
712,1,0,1,0,0,1,0,0,1,0,0,1,1,1,0,1,0,1
713,1,1,1,1,1,1,1,1,1,1,1,1,1,1,1,1,1,0
714,1,1,1,1,1,1,0,0,0,1,1,1,1,1,1,1,0,1
715,1,0,1,0,1,1,0,1,1,1,1,1,1,1,0,1,1,0
716,1,1,1,1,1,1,1,1,1,1,1,1,1,1,1,1,0,1
717,1,1,1,1,1,0,1,1,1,1,0,0,1,1,1,1,0,0
718,1,1,0,1,0,0,0,1,1,0,0,0,0,0,0,1,0,0
719,1,0,1,1,1,0,0,1,1,1,1,0,1,1,0,0,0,1
720,1,1,1,1,0,0,1,1,0,1,0,0,0,1,1,1,0,0
721,1,0,0,0,0,0,0,1,0,0,1,0,0,0,1,0,0,0
722,1,1,0,1,0,1,1,1,1,1,0,0,1,1,1,1,1,1
723,0,0,0,1,0,0,0,0,0,0,0,0,0,0,0,0,0,0
724,1,1,1,1,1,1,1,1,1,1,1,1,1,1,1,1,1,1
725,1,1,1,0,1,1,0,1,1,1,1,0,1,1,1,0,0,1
726,1,1,1,1,1,1,1,0,1,1,1,0,0,1,0,1,1,0
727,1,1,1,1,1,1,1,1,1,1,1,0,1,1,1,0,1,0
728,1,1,1,0,1,1,0,1,0,0,0,1,1,1,0,0,0,1
729,1,1,0,0,1,0,0,1,1,0,0,1,1,1,1,1,1,0
730,1,1,1,1,1,1,1,1,1,1,1,1,0,0,1,1,0,1
731,1,0,1,1,1,1,1,1,1,1,1,1,0,1,0,1,0,1
732,0,1,0,0,0,0,0,0,0,0,0,0,0,1,1,0,1,0
733,1,1,0,0,0,1,1,1,1,1,1,0,1,1,1,0,1,1
734,1,1,1,0,1,0,0,0,0,0,1,0,0,0,0,0,0,0
735,1,1,0,1,1,0,0,1,1,1,0,0,0,1,0,0,0,1
736,1,1,1,1,1,1,1,1,1,0,1,1,1,1,1,1,1,0
737,1,0,1,0,1,1,1,0,1,0,0,0,0,1,0,1,0,1
738,1,1,1,1,1,1,1,1,1,1,1,1,1,1,1,1,1,1
739,1,1,1,1,1,1,1,0,1,0,1,0,0,0,1,0,1,0
740,1,1,0,1,1,0,1,1,0,0,0,0,0,0,0,0,0,0
741,1,1,0,1,1,0,0,1,0,1,0,0,1,0,1,0,1,1
742,1,1,0,0,0,1,1,0,1,0,0,1,0,0,0,1,1,0
743,1,1,0,0,1,1,0,1,0,0,0,0,1,1,1,1,1,0
744,1,1,1,1,0,1,1,1,1,1,1,0,1,1,0,1,0,0
745,1,1,1,0,1,1,1,0,1,1,1,1,1,1,1,1,1,1
746,1,1,1,1,1,1,1,1,1,1,0,1,1,0,1,1,1,1
747,0,1,0,0,0,1,1,0,0,0,0,0,0,0,0,0,0,0
748,1,1,0,0,0,1,0,1,0,0,0,0,1,0,1,0,0,1
749,1,1,0,1,0,1,0,1,0,0,0,1,1,0,0,1,0,0
750,1,1,0,1,1,1,0,0,0,1,0,1,1,1,1,1,1,0
751,1,1,0,1,0,0,0,0,0,0,0,0,1,0,0,0,0,0
752,0,1,0,0,1,0,1,0,0,0,0,0,0,1,0,0,0,0
753,1,0,0,1,1,0,1,0,1,0,0,1,0,1,1,1,1,0
754,0,1,1,1,0,0,0,0,0,1,0,0,0,0,0,0,0,0
755,1,1,1,0,1,1,1,1,1,1,1,0,1,1,1,1,1,0
756,1,1,1,1,0,1,1,1,0,0,1,0,1,1,1,1,1,0
757,1,1,1,1,0,1,0,1,1,1,0,1,1,1,0,0,0,0
758,1,1,1,0,1,1,1,1,1,1,1,1,1,1,1,1,1,1
759,0,0,1,0,1,0,1,1,1,0,1,0,1,0,1,0,0,0
760,0,0,0,1,1,1,1,1,1,0,0,1,1,1,0,1,0,1
761,1,1,1,1,1,0,1,1,1,1,1,1,0,1,1,1,1,0
762,1,1,1,1,1,1,1,0,1,1,0,1,1,1,0,1,1,1
763,1,1,0,0,0,1,1,0,0,0,1,1,0,0,0,0,0,0
764,1,1,1,1,1,1,1,1,1,1,1,1,0,1,1,1,0,1
765,0,0,0,0,0,0,0,0,0,0,0,0,0,0,1,0,0,0
766,1,1,1,1,0,1,0,1,1,0,1,1,1,1,1,1,1,0
767,1,1,0,1,1,1,0,1,1,1,1,0,0,0,1,1,0,1
768,1,1,1,1,0,1,1,1,1,1,1,0,0,1,0,1,0,1
769,1,1,1,1,1,1,1,1,1,1,1,1,1,1,1,1,0,1
770,0,1,0,1,1,1,1,1,1,0,1,1,1,0,1,1,1,1
771,0,1,1,1,1,1,1,1,1,1,1,0,0,1,0,1,1,1
772,1,1,1,0,1,0,1,1,1,0,0,0,1,0,0,0,1,0
773,1,0,0,0,1,0,0,1,0,0,0,0,0,0,0,1,0,0
774,1,1,1,0,1,0,1,0,1,1,1,0,1,1,1,0,0,0
775,1,1,0,0,1,1,0,0,0,1,0,0,1,1,0,0,0,1
776,1,1,1,1,1,1,1,0,1,0,1,1,1,1,1,0,0,1
777,1,1,1,0,1,0,1,1,1,1,1,0,1,1,0,1,0,0
778,1,1,1,1,1,1,1,1,1,1,1,1,1,1,1,1,1,1
779,1,1,1,0,1,1,1,0,1,1,1,0,1,1,1,1,1,1
780,1,0,0,0,1,0,0,0,1,0,0,1,0,0,1,0,0,0
781,1,0,1,1,0,1,0,1,1,0,1,0,0,0,1,0,0,0
782,1,1,1,0,0,0,1,1,1,1,0,0,0,0,0,0,1,0
783,1,1,1,1,1,1,1,0,1,1,1,1,1,1,0,1,1,1
784,1,1,1,0,1,1,1,1,1,1,1,1,1,1,1,1,1,1
785,1,1,1,1,1,0,0,0,0,0,0,0,1,1,0,0,0,0
786,1,1,1,1,1,1,0,0,1,0,1,1,1,1,1,1,0,1
787,0,0,0,0,0,1,0,0,0,1,0,0,0,0,0,0,0,0
788,0,1,1,1,0,0,1,1,0,0,1,1,0,1,0,1,1,1
789,1,1,1,1,1,1,1,1,1,1,1,1,1,1,1,1,0,1
790,0,0,1,0,0,0,0,0,0,0,1,0,0,0,0,1,0,0
791,1,1,0,0,1,1,0,0,0,1,1,0,0,1,1,0,1,1
792,1,1,0,0,1,1,1,0,1,0,1,1,1,1,0,0,0,1
793,1,1,0,0,0,0,1,0,0,0,0,0,1,0,0,0,0,0
794,0,1,1,0,1,0,0,1,1,0,0,0,1,0,0,1,0,0
795,1,1,0,1,1,0,1,1,1,1,1,0,1,1,1,1,1,1
796,1,0,1,1,0,0,1,0,0,1,1,0,0,1,1,1,0,1
797,1,1,0,1,1,1,1,0,1,1,1,1,1,1,0,0,1,0
798,1,1,0,1,1,0,0,0,1,0,1,0,1,1,1,0,1,1
799,1,1,0,0,1,0,0,0,0,0,0,0,0,0,0,0,1,0
800,0,1,1,0,1,1,0,0,1,0,1,1,1,1,1,1,0,1
801,1,1,0,1,1,1,1,1,1,1,1,0,0,0,0,0,1,0
802,0,0,0,1,0,0,1,0,0,0,0,1,0,0,1,0,0,1
803,1,1,1,1,1,1,0,1,1,1,1,1,1,1,1,1,1,1
804,0,1,1,0,1,1,1,0,0,1,0,0,0,1,0,1,0,0
805,1,1,0,0,0,1,0,0,1,0,0,0,0,1,1,0,0,0
806,1,1,1,1,1,1,0,1,1,1,1,1,1,1,1,1,1,1
807,1,1,0,0,0,0,0,1,0,0,1,0,1,1,0,0,0,0
808,1,1,1,1,1,1,1,1,1,1,1,0,1,1,0,0,1,0
809,1,1,1,1,0,1,0,0,1,1,1,0,1,1,0,0,0,0
810,1,1,1,0,1,1,1,1,1,1,1,1,1,1,1,1,1,1
811,1,1,1,0,0,1,0,0,0,1,1,1,1,0,0,0,1,1
812,1,1,1,1,1,1,1,1,1,1,0,1,0,1,1,1,1,1
813,1,0,0,1,0,0,0,0,0,0,1,1,0,0,0,0,0,0
814,1,1,1,1,1,1,0,1,1,1,0,1,1,1,1,1,1,1
815,1,1,1,1,1,1,1,0,1,0,1,1,1,1,1,0,0,0
816,1,0,1,0,1,1,0,0,0,0,1,0,1,1,1,1,0,1
817,0,0,0,0,0,0,0,0,0,0,0,0,0,0,0,0,1,0
818,1,0,0,0,0,0,0,0,1,0,0,1,0,0,0,0,0,0
819,1,1,1,1,1,1,0,0,0,0,0,0,0,1,0,0,0,0
820,0,0,1,0,1,1,1,0,1,0,0,1,0,1,1,0,0,0
821,1,1,1,1,1,1,1,1,1,1,1,1,1,1,1,1,1,0
822,1,1,1,1,1,1,0,1,1,0,0,1,1,0,0,0,1,0
823,0,0,0,0,0,0,0,0,1,0,0,0,1,0,0,0,0,1
824,1,1,1,1,1,1,0,1,1,0,1,1,1,1,0,1,0,1
825,1,0,0,0,1,1,0,1,0,0,0,0,0,0,0,0,0,0
826,0,1,1,1,1,1,1,0,1,1,1,1,1,1,0,1,1,0
827,1,1,1,1,0,1,0,0,1,0,1,1,1,1,0,1,0,0
828,1,1,0,1,1,1,1,1,1,1,0,1,1,1,1,1,0,1
829,1,1,0,0,1,1,1,0,0,0,0,0,1,0,0,0,0,1
830,1,1,1,1,1,1,1,1,1,0,1,1,1,1,1,0,1,1
831,1,1,1,0,1,0,1,0,1,1,0,1,0,0,1,0,0,0
832,1,1,1,1,1,1,1,1,1,1,1,1,1,1,1,1,1,0
833,1,1,1,1,0,0,1,1,0,0,0,1,1,1,1,1,0,0
834,0,1,1,1,1,0,1,1,1,1,0,0,0,0,1,1,0,0
835,1,1,1,1,1,1,1,1,1,0,0,0,1,0,1,0,1,1
836,0,1,0,1,1,1,1,1,0,1,0,1,1,1,1,1,1,1
837,1,1,1,1,0,1,1,0,1,1,1,0,1,1,1,1,1,1
838,1,1,1,1,1,1,1,1,1,1,0,1,1,1,1,1,1,1
839,0,1,1,0,1,1,1,0,1,1,1,1,1,1,1,0,0,1
840,1,1,0,1,1,1,0,0,0,1,0,0,1,1,1,1,0,0
841,1,1,1,0,0,0,0,1,0,1,1,0,1,0,1,0,0,1
842,1,1,0,1,1,1,1,1,1,0,1,0,1,1,1,1,0,1
843,1,1,1,1,0,1,0,1,0,0,1,0,1,0,0,0,1,0
844,1,0,0,1,0,0,0,0,0,0,0,0,0,0,0,0,0,0
845,1,1,0,0,1,1,1,1,1,1,0,1,1,0,0,0,1,0
846,1,0,0,0,0,1,0,0,0,1,0,0,0,0,0,1,0,0
847,1,1,1,1,1,1,0,1,1,1,0,0,1,1,1,0,0,0
848,0,1,0,0,0,0,0,0,0,0,0,1,0,1,0,0,0,0
849,0,0,1,0,0,0,0,0,1,1,0,0,0,0,1,0,0,0
850,1,1,0,0,0,1,0,0,0,0,0,0,0,1,0,0,0,0
851,1,1,0,1,1,1,1,1,0,1,0,1,1,1,1,0,1,0
852,0,0,1,0,1,1,1,0,1,1,1,1,1,0,1,0,0,0
853,1,1,1,1,1,1,1,1,1,1,1,1,1,0,1,1,1,1
854,1,1,1,0,1,1,1,1,1,1,1,1,0,1,1,1,1,1
855,1,0,0,0,0,0,1,0,0,1,0,0,0,0,0,0,0,0
856,0,0,1,0,0,1,0,0,1,1,0,0,0,0,0,1,1,0
857,1,1,1,1,1,1,1,1,1,0,1,0,0,1,0,1,1,1
858,1,1,1,1,0,1,1,1,1,1,1,1,1,0,1,1,1,1
859,1,1,0,0,1,1,0,0,0,0,0,0,1,1,0,1,0,0
860,1,1,0,1,0,1,1,1,1,0,1,1,1,1,1,1,1,0
861,0,1,0,0,0,0,0,0,0,0,0,0,0,0,0,0,0,0
862,1,1,1,1,1,1,1,1,1,0,0,1,1,1,0,1,1,0
863,1,1,1,1,0,1,1,1,1,1,1,1,0,1,0,1,1,0
864,1,1,1,0,1,1,0,1,1,1,0,1,1,1,0,0,0,1
865,0,1,0,1,1,1,0,1,1,1,1,1,1,0,1,0,1,0
866,1,0,0,1,0,1,1,1,1,1,0,1,0,1,1,0,0,0
867,1,0,0,1,1,1,1,0,0,0,0,0,1,1,0,0,0,0
868,1,1,1,1,1,1,1,1,1,1,1,1,1,1,1,1,1,1
869,1,1,1,1,1,1,1,1,0,1,1,1,1,1,1,1,1,0
870,1,1,1,0,1,1,1,1,1,1,1,1,1,1,1,0,0,1
871,0,1,1,1,1,1,1,1,1,1,1,1,1,1,1,1,1,1
872,1,0,0,1,0,0,1,0,0,0,0,0,1,1,1,0,0,0
873,1,1,1,1,1,1,1,1,0,1,1,1,1,1,1,1,1,1
874,1,1,1,0,0,1,0,1,0,0,1,0,1,1,0,0,0,0
875,1,1,1,1,1,1,0,1,1,1,1,1,0,1,0,0,0,0
876,0,1,1,0,0,1,1,0,0,1,0,0,0,1,1,0,0,1
877,0,1,0,0,1,0,0,0,0,0,0,0,1,0,0,1,0,0
878,1,1,0,1,1,1,1,1,1,0,0,1,0,1,0,1,1,0
879,1,1,0,1,1,1,1,0,0,1,1,1,0,0,1,0,0,1
880,0,1,1,1,1,1,0,1,0,1,1,0,1,1,1,1,1,0
