r_-1.0_X,r_-1.0_Y,r_-0.9_X,r_-0.9_Y,r_-0.8_X,r_-0.8_Y,r_-0.7_X,r_-0.7_Y,r_-0.6_X,r_-0.6_Y,r_-0.5_X,r_-0.5_Y,r_-0.4_X,r_-0.4_Y,r_-0.3_X,r_-0.3_Y,r_-0.2_X,r_-0.2_Y,r_-0.1_X,r_-0.1_Y,r_-0.0_X,r_-0.0_Y,r_0.1_X,r_0.1_Y,r_0.2_X,r_0.2_Y,r_0.3_X,r_0.3_Y,r_0.4_X,r_0.4_Y,r_0.5_X,r_0.5_Y,r_0.6_X,r_0.6_Y,r_0.7_X,r_0.7_Y,r_0.8_X,r_0.8_Y,r_0.9_X,r_0.9_Y,r_1.0_X,r_1.0_Y
0.4967141530112327,-0.4967141530112327,0.3577873603482833,-0.683359172044326,-1.594427658794367,1.8312486555544787,0.7569886166453519,-0.9031909355505918,0.9382838059759977,-0.2680316364872777,1.3993554365860021,0.1646243900791562,0.12522450264790727,-0.6624048160384942,-1.0469109826819396,1.0565824382170186,-0.18289644110484016,0.3801252208936203,1.9011906857530074,0.5033418081490066,-0.6751782749743815,0.3764095260975166,1.804348109786743,1.2271094751072154,-0.7217375533372533,0.4147367628477522,-1.876552706041874,-0.19397400048503416,0.18383451632250436,0.031821144700933654,-1.907807557877391,-1.566090700562158,0.18517553682991406,0.38194762312667985,0.4914294527201998,1.1871468745127913,-0.8239354869719996,-0.020045210148967874,-1.388542553831211,-1.492094840221963,-0.863493604964934,-0.863493604964934
-0.13826430117118466,0.13826430117118466,0.5607845263682344,-0.7488833281620195,-0.5993750229537729,1.6251500026450962,-0.9221653241776254,1.3946581576438666,-0.5160447282173739,-0.0050442129314642314,0.9246336829127688,-2.970547574819426,-0.429405541125253,1.0809840483206923,0.5366527525272862,-0.6867934878250541,1.3748764191481848,0.20432825920965952,-0.060660813814620775,-0.32608011718710983,-0.14451867071551783,-0.9020515543575104,-0.19090379172729868,-1.0121481648213229,0.17682087213939798,0.9839875324659823,0.6197114459661363,1.226642429353262,2.6930336639804966,0.6883944435227874,-0.8603850107795019,0.31074042967372273,0.42544486418417227,-0.49507354271861576,0.5697603571986469,-0.04915915761332845,-0.7191094514491859,0.29628248613235864,-1.60027110450371,-1.4969359616700852,-0.031203488939083975,-0.031203488939083975
0.6476885381006925,-0.6476885381006925,1.083051243175277,-0.6490083882691007,0.005243699718183166,-0.8433355040660311,0.8696059201056602,-1.1117261495846469,0.09612077694098337,-0.034676607816736024,0.05963036992017413,1.7787703620008501,0.12229750303228377,-0.2092722669384669,1.185704154662997,-1.1362232358510114,-0.6459641791245353,0.7510903265314394,-0.7084067669104628,1.2380849532500109,-0.7924199209999613,-0.8696630812746944,0.7197579421481819,-0.31007079758762107,-0.5466800845872654,-0.4339506114397042,-0.6353623888256293,1.7289749453590204,0.34980002456790754,-0.38234049559932726,-0.41360553342164424,1.2216895908307686,0.22228985580085406,0.3066738938042076,0.19548173155329082,0.16913268605412318,2.049812095785926,1.0900571251846891,-1.2172826922204794,-0.36802388371639894,0.018016872044446585,0.018016872044446585
1.5230298564080254,-1.5230298564080254,1.053802052034903,-0.6823676163147557,0.046980593764742055,0.30019706700254883,1.355637858804951,-1.9547890553987695,-0.4622752887050425,1.3001266633088644,-0.6469367777055739,0.20258022476558296,0.5432980290363879,-0.9099710915090421,0.7189533106650667,-0.21890502040733908,-0.7991920066502536,1.2471177535060036,-1.5137143926128271,0.5191607767229368,-0.3079615296390403,1.1254347844147694,-1.2932729578711637,0.11961876619480483,-0.2716551103260533,-0.6541980625979316,-1.1896666590903613,0.6196566691690892,-1.0040545968420103,-0.09962209415430362,1.8876876573401904,1.8710197711719538,1.2788658133133932,-0.05328265892418593,-0.09884520123930605,-0.03262902566998121,0.000682818957482628,-0.5016061671117817,0.15946250680412918,-0.267335253443485,0.47263034584340563,0.47263034584340563
-0.23415337472333597,0.23415337472333597,-1.377669367957091,1.2307916375765178,-0.45006547147924364,-0.03033316428970112,0.41343490322370086,-1.401060015506867,-0.4344962274323156,0.41357699087531197,0.6982233136135899,0.6106028145252893,0.04886007032570433,0.4721753657197765,0.9960476858058164,-0.4611600886466195,-0.4827435221820324,0.4980873430554344,-1.803139676255945,0.07354968236678135,-1.8936146669537857,-1.1894118928673278,-0.9564363768180087,1.8900204432953476,1.673452090298537,-0.7285356156119289,-0.6243453897132241,0.05052162571888383,-0.09546424708907303,-1.4286983603144174,0.5565531245337582,-0.3535777112502064,-0.952316380738797,0.30926729029480604,0.4359753895000459,-0.05316281730373801,0.7821300015314592,0.5414789658819655,-0.8927875154918841,-0.09964300745499,-1.3668583632808264,-1.3668583632808264
-0.23413695694918055,0.23413695694918055,-0.9378250399151228,0.8951843566389147,0.6228499323474987,-0.7905551761368166,1.876795812558066,-0.8809793993386841,-0.30917212346863937,0.22265251260610266,0.3934853854217496,-1.0973276431475936,0.04059169120388238,-0.8396961836918796,-0.7567950885694608,-0.20531347686418272,-0.9533286082587124,-0.04571753849067606,-1.5841359430054898,0.6038863108617718,0.21329370737293857,1.6426729532559634,0.47240627788037737,3.1415705214381324,1.340461051790348,-0.5406416403494014,-0.18452535765584954,0.9415932570817092,-1.7762463334664518,-0.02258136334149463,-1.3354815690998914,-0.3547442064238182,-0.6769951384585313,0.4428996888233881,-2.5322460852196853,-2.752708707739295,-0.7908993816675531,-0.4481519044205247,0.5136144642310962,0.321884199567408,0.5925672738473307,0.5925672738473307
1.5792128155073915,-1.5792128155073915,0.5150352672086598,0.09338947595732311,-1.0676204293825944,0.49865998896275415,-0.773789199103573,-0.3727570184932659,0.22213377163371284,-1.221165175764163,0.8951932200277323,0.08308115854651305,-0.7019916878067554,0.30662513248580076,-1.4218106667418438,1.0908544855261975,0.12267031599479553,0.6344508897457642,0.2671266510114834,-1.5897147016596935,0.0012054753622242368,-0.9006207346478687,1.484116028535965,0.7520934244969952,-1.2995812369275976,2.62959437073159,-0.6047446645382127,-0.04320921556198373,-0.08059974929676088,-0.4136883725594593,0.486036289417637,-0.8768752828751967,-0.772659445270824,-0.03799070810493982,0.6820694900626313,0.708098573226815,-0.7798529462216388,-0.9386225652375416,0.03471374875256186,0.608984835884248,-2.704391631602775,-2.704391631602775
0.7674347291529088,-0.7674347291529088,0.5137859509122088,-0.7202673460035267,-0.1423794850212935,-0.4044908737908547,-1.244654703311417,2.1244319980644653,-0.4787486216634773,0.884252025819863,0.6351718016819695,-1.229870539291262,-0.6629009175509482,0.25680266854355704,1.5013336519554867,0.46090299218655567,1.6246784584695606,1.5365608331160432,0.5087250232299338,-1.1719919784286736,-0.8170886310681906,0.638391925608383,0.35561334878566,-0.14671699926863135,0.8297324178791745,1.385478430002405,-2.205566057099069,-0.6388677671070356,-0.8330560570007587,-1.3689480801405345,-1.5473039889383655,-0.2779474441109677,0.8301918118626102,0.7874439361151794,0.12617790366196718,0.04475898267717062,1.0819848092499422,1.6769094547202403,-1.9685042134380537,-2.3848702379598463,-0.6298845523638104,-0.6298845523638104
-0.4694743859349521,0.4694743859349521,0.5150476863060479,-0.22506869799584844,0.12029563171189886,-0.06712352860262291,-1.7787202489042786,-0.2416908117350245,1.2557561255735208,-0.23706633043125214,1.0495527153193351,-1.0649761237144517,-1.4026052717996935,1.5562818341678992,-0.32267983884213575,0.1811387461616443,0.3230792731160291,-0.19456985514761357,-1.5811907020321334,-1.0298213120112876,0.6592456684324051,-0.3286184757489846,-0.31305803052315434,0.5005206022483591,0.8113965544915921,-1.1614978098072142,0.8970661968871322,-0.06610795631716465,0.9153902755601617,-0.046287486869781236,1.0826910538870733,0.931579529514463,0.9003985883950636,1.9491896529309374,-0.22247489677826537,0.20151072320940833,-1.3495762115515322,-0.8252208523301552,0.6549755842216898,0.844867746146784,-0.48827384245154465,-0.48827384245154465
0.5425600435859647,-0.5425600435859647,3.852731490654721,-3.555592075497828,0.514438834058749,-0.9101211370936217,1.496044311489183,0.16428115558647582,-0.8946073022195039,2.2673681599760704,-0.535235211560568,1.9252173818688432,1.7495767431869393,-0.26476258038794404,-0.25083301645504735,1.4847237705278857,-0.2523535021262876,-0.904369113907686,0.8950383140761154,0.052722752103417744,0.9375701376265584,0.6031874310823431,-0.0007085945766459172,0.8831351377663288,-1.1482632887526183,-1.5253915378726735,1.2748750412787222,1.8738638033925028,-0.5495402745955349,0.932380179387225,-0.4711246518178786,-1.8548707763550225,0.4512253193185082,0.2704842535016851,2.046862195719558,1.0517366972153062,-0.41521376790527154,-0.30850278537977355,0.8107986455917099,0.40856812431109824,0.6333268260712385,0.6333268260712385
-0.46341769281246226,0.46341769281246226,0.570890510693167,-0.6086864963014296,0.7116148780888898,-0.40701780700320855,0.6543656563540577,-0.3073593455278516,-0.18687164416135904,-0.13409960146558525,1.3173940656343257,-0.8238328359328262,-1.243863235391285,0.47460770758368226,1.328194141849058,-1.4875602443576534,-0.2918112689155441,1.143075351323899,-0.4830610516834395,1.7721367642547925,-1.6075598643689741,-0.5441140021141926,-1.2504077339697175,-0.4441010323131872,0.8187776437548606,0.6358859189808804,0.6515219913395057,-0.5852745906035972,-0.11676591579524663,-0.5373490780016215,-0.09363618873917084,-1.0529524169040276,1.1834936668899279,-0.2354031002026843,-0.6749340187905523,0.39938697979802396,0.03402741107223205,-0.8343237854633307,-0.9938626748348534,-1.5113770741219796,0.02263085267686914,0.02263085267686914
-0.46572975357025687,0.46572975357025687,1.135565640180599,-0.5430633502311482,-1.1246420918378692,0.8695708078008132,-0.05558467091045507,-0.03015770701508797,-0.4397310582741749,0.43915889709565614,0.19759960469239965,0.08950258944528032,-0.6929051977959073,1.0266572724922072,0.5562300094006599,-0.3516083527523298,-1.563190808696657,0.19468919120787587,0.14679301198554937,2.2054363126772785,-0.7627247785662142,-0.1627929060722942,0.6045153263553668,1.8466642787194383,1.5379319184125528,0.8437941867879682,-1.1376856704248166,1.120479942429099,-0.6355578414044034,0.07430503115351578,1.32579664754219,0.4176928463914936,-1.1780408673763807,-0.3472453901599829,-0.4030759890650308,-0.9082949130002493,0.11137260184005242,-0.7003914083844622,0.4201915428949916,0.47342916926476686,-1.4055630538562867,-1.4055630538562867
0.24196227156603412,-0.24196227156603412,0.9540017634932023,-0.49881094198536985,-1.5341141707356223,1.0839225084686521,0.2799686263198203,-0.5851281042031784,1.4469778843537329,-0.6686797836436356,2.0752608726252655,-0.28412967852309423,-0.7184072655691974,1.561509171241853,0.45588777208160763,-0.8205712436981638,0.883109777147159,-2.3053946623969384,1.6122206282554243,0.4736307673400526,-0.7691423497872982,0.04091917539572113,0.8823330623234091,0.3171508212733684,-1.1225448062444139,0.3132851685868673,-0.20149153394751798,0.4163925228336158,1.7388513518533313,0.02560804810749906,-1.28716356858425,-0.9041339682922431,1.667224111551137,2.6691721065603735,1.991553302204734,2.616728627052909,-0.17909328501615626,0.02533092215615873,-0.856498237409199,-0.3308298623837709,-0.9849931258170151,-0.9849931258170151
-1.913280244657798,1.913280244657798,0.651391251305798,-0.23165149688288422,1.277676821898509,-1.566679654743766,-1.1254890472983765,1.0728825324980644,0.19655477651157463,1.1440297579038348,-0.6891878180895679,0.7738670162248917,0.8949243769444413,0.15327183967900643,2.165002344901084,-2.430063153376487,-0.07783719701280203,0.8458677217993906,0.8968393158655319,0.4086500289274428,-0.9399031011088647,-1.0021874557814727,-0.45209033283308037,0.45003908726927033,-0.9175028210142636,-0.4333052046720241,-0.006521315229458062,-1.3368094094972025,-0.3212427661179117,0.5661497431800246,-1.3971181851129912,-1.745996843920532,1.5232386217122582,0.10213557847867305,-0.8320613048498566,-1.8305050187995948,0.3958197810959231,-0.962901550816163,0.0976703767483354,-0.2803980953303909,0.1986800095474069,0.1986800095474069
-1.7249178325130328,1.7249178325130328,-0.3152692446403456,0.8527873395082853,0.33231401197959165,-0.6119140079246729,2.4457519796168263,-1.7389029391114346,1.0318445394686349,-0.6953431495907426,1.7359638031652493,-0.7377153085188457,-0.2949496782920278,0.12746820413148982,-0.643518230380143,0.11418312168865301,-0.18047991359062565,-0.4884163774886186,-0.2685306479058323,-1.7651767541951067,0.8294748419317485,0.7408243454201259,-0.4700421477595015,0.6155820500828612,1.0176614668435024,0.08061272414247729,0.5987943895619102,0.5303533898263144,1.8325570434792018,1.361301037888506,-0.5835993263460049,0.045065797977780375,0.7356219972457467,0.15220298499225943,-0.5501152829365389,-0.07459276816497795,0.6928557558178116,1.161867050440692,-1.2644984069549656,-1.7914544748987422,-0.07906734186455629,-0.07906734186455629
-0.5622875292409727,0.5622875292409727,0.7589692204932674,-0.6739169361336078,-0.7484865365565536,1.0520239647406964,0.1292211819752275,0.6974603151671024,-1.485560373036972,1.1145534444384546,0.1979107834626478,0.21711010779506246,1.2477420726737338,-1.7014145958955502,0.9278401280812372,-0.39449175934602354,3.193107567844861,-0.7273256521227864,-0.8911922254152874,-0.45083439064073666,-0.19382613877280352,-0.5132135664715852,0.2658782296520485,0.4460612041789486,0.271495310825648,0.37555407468391966,0.6683404887180808,-1.8027954630481833,0.8141517621182666,2.019938686636268,1.0383788510193166,0.7369719592334952,1.78179890877106,1.402236175743798,-0.14702542343084998,0.23660762279812092,0.73463754545933,0.49281772974407184,-1.7931064525345768,-1.653830011904057,-0.5791241096357465,-0.5791241096357465
-1.0128311203344238,1.0128311203344238,-0.7728252145375718,0.9927991016960187,1.551151975522523,-0.9403712678433901,0.10939479460489289,0.004998501524644441,0.26705026586925884,0.3260870482516761,-0.6514180036144483,2.4071279544750137,-0.6734906242438685,-0.7067965472573698,0.0570131248970845,1.4266351019839545,0.29875290836568624,0.2655223841406907,-2.151815401329305,-0.5686533961724856,-0.26451484131061076,-0.22859991534001858,-0.4367197360405955,0.7910632848431449,0.5514762752395233,0.19445287020483418,-0.7341737987784958,0.3764444784221469,0.48206672733538614,0.03191967702310314,-1.5193460754768424,-0.9279150412029707,-1.6566232076777738,-1.0370978038112555,0.8407344821295493,0.0203727513385632,-0.9858038086678267,1.1572127348225782,-0.3828171896129687,-0.38264764687517044,-0.48083378951197936,-0.48083378951197936
0.3142473325952739,-0.3142473325952739,-0.23681860674000887,0.07789460231290735,0.11567463429285867,-0.6790728543134175,0.725766623898692,-0.4006997095126925,0.889630795623437,-0.38449117884897577,-0.48388583405432156,0.19204357506057637,0.27899416222380197,-0.39134072722467717,0.26859227886325693,0.5211783109496856,-0.7517910500951843,0.33700901466795813,-0.7191533192424201,-0.5458202286934363,-2.0038623644067535,-0.9943493746085122,-0.06613261462582246,-0.6207724275907998,0.3405892164004968,-2.1063435563998887,0.08199555641356042,0.8690556808757247,0.3687331473175197,0.760325510246813,-2.832155598110569,-2.070612438156777,-0.5244481362626519,-1.1005117460594427,0.2078025073533134,0.44853964842150773,-0.2841550979287972,1.1574256720266283,-0.12372894627483615,0.1276509328796394,0.696167997159289,0.696167997159289
-0.9080240755212109,0.9080240755212109,-0.48536354782910346,0.5781280301855235,1.1792971840638264,-0.8838383639935257,0.4810092317367132,-0.5963775211426379,0.08228398927542419,-0.40651728520567715,-0.32034730819432017,0.3343305372291555,-0.8353470532597573,-0.2244883393749253,1.5284684264125317,-1.4355524892261189,-0.4263575962055433,0.7803894988734943,-0.21113023882769444,-0.14618796323623082,0.6354180302092264,-2.5623336587953105,2.0997217891665154,-0.3455310523742401,0.39069592092814415,-0.1470175510100915,0.4572804046152411,-0.4278874459047193,0.39379729821625153,0.24739930391755827,-0.4511588584089988,0.6826275834020233,-0.7353034606819523,0.45630420857520543,-1.2926253471522626,0.008921357301069022,1.1947628618769377,0.8469408479530403,-0.39767969361460404,0.05600695313811893,-0.5176925728692147,-0.5176925728692147
-1.4123037013352915,1.4123037013352915,0.08187413938632256,-0.13041476766693597,0.06751848141010895,0.39681748889498614,0.22388402427913137,-0.19738612660766547,1.0654803750653512,-0.4840162307205646,0.4241659464019164,0.6978104243394294,2.1451491277733883,-1.0294216808524213,0.5078357562896237,1.6163408551950438,1.1484457091967548,-0.6563769009724332,-0.987179527151184,-0.37100624126993,-1.2392583948534726,-0.19102776260016902,-0.24702570074599667,-1.1193422107611057,-1.326472128311083,-1.099498956726312,1.4558223221467665,0.5546036870608018,-1.92767257934561,0.416617074530669,0.5517407999109204,1.7094950134953828,0.7214793237573432,2.2889201718682135,-0.5321685631271895,-1.9556433022182806,0.8946471875738723,0.651915548540309,-1.1840305582225594,-1.0915259794881986,-0.08809124402907328,-0.08809124402907328
1.465648768921554,-1.465648768921554,2.3146585666735087,-2.0409131490727113,2.060747924881987,-2.6502415085784126,-0.7904744554453119,0.773146549083871,-0.5172884501003722,1.169278469948041,0.5228354880354996,0.6959957984663563,-1.1875984190295128,0.5269598814027165,0.538296079049633,1.003303084697747,0.11327041053776446,0.48008487373040315,-0.13125696709230472,-1.9562527488821932,0.05993263026632825,2.412615421612916,-0.3583401520212222,0.4014641878579024,1.0473177066214483,0.3811349706982444,0.7045065398247231,2.075499343742153,-0.2788833941507565,-0.7703741233008713,1.2002617497388293,0.18135434556661506,-1.0501407396021456,-0.4731792765421615,-0.6073544332122114,-0.06611649719682738,-1.372859451481064,-0.5009386527836336,-0.3998990621311371,0.4488859879412696,2.169936588080543,2.169936588080543
-0.22577630048653566,0.22577630048653566,-1.867265192591748,1.9399616062743505,1.7553408424432044,-1.0782565585266028,0.4714683571359957,-1.5513323676865427,1.40934744018558,-1.6668207036401963,-0.573700003938579,1.3148484016465831,0.3098207102270275,0.3615431442910627,1.0725073373098022,0.23353361720054872,-1.4382779783173667,0.03335282585737026,0.07685188295876821,0.7364761206242638,0.2773769379581917,0.7846042878980238,-0.6475418056351592,0.7102778547347942,1.1695899924277735,3.158862521056832,0.7890566873755189,-0.24573460097022837,0.8451579711843216,1.0208718363546085,-0.463161362085399,-0.7617327826551781,0.7574951493374855,-0.26875754218630893,-0.07722104522304557,-1.8346062432922887,0.35147990035220167,1.3030874862325839,0.269294752580734,0.3401069364286602,-1.423682636883923,-1.423682636883923
0.06752820468792384,-0.06752820468792384,0.6862601903745135,-0.9742882985100132,-0.2489641484790735,-0.1984029365842491,1.8820244964750337,-2.280214117569802,2.2988981236192503,-1.2729631348540493,-0.02435459226098284,0.5653338945726402,0.6337768809320985,-0.3181239497443749,-0.3649527295428853,-0.10656624152757965,0.9192289345752035,0.5400376910028176,-0.22485598180807856,-1.044880235674043,1.360658595838651,-0.01926037973439464,0.7441919714999368,0.5298974480194103,-0.22939074406802776,0.31417887928246957,0.08382662792936094,-0.98498546959231,-0.04889718347410554,-0.19800189280122732,-0.41142660711600243,0.21968501322243428,1.3705361439967134,-0.4168467336447521,0.4258436586298291,-0.39153204699150806,-1.9782252493748103,-2.5653976339614584,-0.04489303012253698,-0.1914075402150794,-1.8518427315746586,-1.8518427315746586
-1.4247481862134568,1.4247481862134568,-1.6127158711896517,2.3634947526170165,0.9715709509543554,-0.43489755960758886,1.3454200461549777,-0.4109972992115881,-0.36283856043965906,-0.34239351568754317,2.1422703586118637,-2.0610064703809456,0.41379909745149823,0.28036648273020387,-0.8392096673390064,-0.6634837990863782,-0.668144085538994,0.7365633531607051,-0.6500025808234597,0.30304788224009443,-1.308820399119112,-0.2628908292082677,-0.181224173218103,1.6479765173890837,-0.04347694981386243,-0.31589049009769943,1.4104591452035038,1.836554546474937,-1.405189846803575,-0.6209053747856146,1.1539007342557472,0.26688782896579777,0.6952029000839993,0.6235025250273443,0.4182057558879721,1.4562015284345227,0.04693490206036963,-1.034277357564516,0.1825010305992134,-0.5382149983645028,0.7835896647986067,0.7835896647986067
-0.5443827245251827,0.5443827245251827,-0.47193186578943347,-0.013774130929770367,0.6453759495851475,-0.9742562535936281,1.593186626639397,-0.9932083089173466,-0.4455025214007718,1.2233388159803371,1.7275431701007113,0.5508216172649353,-0.1852876588777083,0.1332068408021549,-1.0448091940210336,-0.04161987652088617,1.8732977762175456,-1.2911985575077676,0.16865467196672768,2.0468207327251093,-3.0195121558208253,0.02246589281204638,-0.649373038321426,-0.07050527226485603,-1.5311075025557221,0.5969558290790182,0.4097627959594974,1.9951176960339225,-0.05240445057746945,0.06313076080599765,-1.8697416996954206,-1.055592366838508,0.2837510236615011,1.0533524888499068,-1.7760117540484022,-1.6586837030820294,1.897767016745977,1.144992730064153,-0.6701152004542329,-0.717594310970514,-0.6786430612941032,-0.6786430612941032
0.11092258970986608,-0.11092258970986608,1.088950596967366,-1.5093080834245856,1.3686315575323487,-2.17783450642459,-0.5112156764311852,0.2264605906411112,1.453384477117701,-2.0905802100976403,0.4363236696740321,-1.2109260667024564,-0.12982069973342616,-1.7586167347408532,-1.9663565893760018,1.6285069656372135,1.0800480657146485,0.8480312086237547,0.44194064956940904,-0.9589701834548328,0.18384954475369486,0.54711911517521,1.321304032273012,0.7975199492117333,0.5142547560178349,0.575786562677427,-0.8610879101735704,-0.25480092680083655,1.7041055162554912,0.9128243484923801,-0.38852077518300926,0.44629803179128646,-0.9878733409007492,-0.21258980734414418,1.063940987560856,-0.09355928366011135,-0.9478927172689863,-0.40867162391087053,1.1717179147161596,0.9079184531471961,-0.31823752774262026,-0.31823752774262026
-1.1509935774223028,1.1509935774223028,0.06428001909546277,0.44695680911432467,-0.9649234605801045,-0.20458669426581377,-0.9896048202585809,0.7058878355453121,1.5795721457307124,-1.394880765255698,0.03800347816820029,0.24308826189902505,0.0438114719791096,-0.878439697816763,2.056207129940322,1.1809186167024759,-0.4473218956587512,-0.4356704053936879,-1.090399077442846,-2.408564389655944,1.8005111815108537,-1.1808128153088449,1.4196030045136372,-0.9442683563855442,0.5720574417141441,0.5260183464874332,1.4033699701251907,1.3858852312977643,1.2468917155347194,0.3922310086021559,0.19042388992505774,-1.5583389316892502,-0.8468509661253646,-0.5100336524103019,0.2525688459966235,0.03544237971239472,-0.8343230454915821,-0.36933428208870756,-1.1761733365547806,-0.6399688467004685,-0.7811563781311142,-0.7811563781311142
0.37569801834567196,-0.37569801834567196,-1.0777447779293061,1.3150480681719359,0.6860514599984393,-0.5199902000019223,-0.12578692009964815,0.33627383126087795,-0.5228600271532683,0.6154855163435777,0.1200313267182613,-0.7132377109369957,-0.14700200162848862,-0.0732576255076986,-1.1032083657216831,1.8031230086683465,1.281016361735113,0.5355284430392266,1.41093237974627,-0.42566384570479154,1.2389463529394373,1.114321694668872,-0.6004235657387051,-0.4452016974436099,-0.062191016999311004,0.582151517993607,0.6979032725390276,1.489057445343303,-0.062004009366031745,0.17198627917035836,0.44921872128503426,1.3662926638330144,1.2496189052966666,0.278354021746555,1.3845320475939062,2.4459529444082477,0.7640297815728595,1.2530866982485978,0.4875602970867186,0.6403962054130339,-0.2598001407675125,-0.2598001407675125
-0.600638689918805,0.600638689918805,-0.7153037092599682,0.9158208594531152,1.0584244868495878,-0.6909060884467813,0.055724912288694604,-0.42447295115633366,-0.42018681709585726,1.504531313644987,0.6135179727304166,-0.36230442387147094,0.9638791167949097,-1.4942551920898668,-0.221253623585772,-0.39995653995620234,0.0678555105274033,0.34629550062690906,-0.09858813228426173,1.1052998188134942,0.20965941527462578,0.7153813154412441,-1.8665399513606162,0.505397335675197,1.1243533598705027,2.2398636190287857,-0.4430440211284823,-0.8411980221908845,0.9514492770580866,1.8269488016943123,-0.5098066931908826,-0.19196016616585873,0.7793490039053323,-0.40612150383127243,0.4441983272906719,-0.9971439381219664,-1.542801515209646,-1.9540597291869015,1.1818910929599615,0.5496269018310748,1.5985381120963413,1.5985381120963413
-0.2916937497932768,0.2916937497932768,0.6795977489346758,-0.3377485163901487,-1.7587394864231143,0.8644016140758464,1.0941915184709485,-1.3217548121353953,-0.2817846088605072,0.11647055645791408,-1.0227925651984056,0.7961128817314197,2.2105230015913513,-0.33436543727927426,-0.27681329988892067,-0.9850029702375336,0.8527736751222195,1.6304900896400045,0.018849622944847662,1.9466461521447378,-0.49163618563204736,0.7181857257079345,1.0075136898369221,0.9455973019938344,-0.3340772309799405,-1.174855295221167,-0.47949296739924335,-0.606800151253581,-0.36650702036805183,0.756576747433214,0.03444101170584135,-0.3391430108210698,-0.03901951937754412,0.6443893494333793,1.1013229577357622,0.020140621396024794,-0.6327550298850391,-1.8958903416893569,0.4809080927488954,0.5079012297687377,0.8021284586181193,0.8021284586181193
-0.6017066122293969,0.6017066122293969,-0.7303666317171367,0.6519917240230032,-1.183258512665775,1.3297622853990445,-1.6924646297148194,1.3245867280353545,-1.344450511034277,0.36251068526600744,-0.2573765374233451,0.4069917809810381,-0.5574917850078336,1.6259530258694634,0.30740669780910074,0.042174904526374304,0.48473281729447476,-0.31589761613122225,0.7082144232565571,-1.2942078421053498,0.8071225966373103,0.4384757388097273,-0.684629825760004,-0.360956402426441,0.5646059258936003,0.5769839507798209,0.2965755451407618,1.2631521136655282,-1.703871586826719,0.11504470741641748,-2.4883273534129895,-1.321442721147488,-0.41790954576589057,0.4802715696489342,0.46654531145012695,1.3959618372210643,0.5964411375817527,0.9919614272466893,-0.20252422706483003,0.11044184714209307,0.8622235118869771,0.8622235118869771
1.8522781845089378,-1.8522781845089378,0.21645858958197486,-0.5859168438194615,-2.0392321777601006,0.634473704846705,1.5295503194606137,-1.7693831403996718,-0.9186519464841982,2.056116823442991,-1.6685840738775894,1.199686128490442,-1.3698029795790778,1.6649348797371306,0.8157372125392968,-1.9317047999011057,-0.8463566549908735,-0.17298783263118828,0.23321613126350166,0.47088787401460547,-0.9735461997044687,0.019616657693989903,0.7906255991627686,0.007822203811267553,-1.0196643386921156,-1.1115972980574904,0.4631847952675847,1.7463566139876214,-0.9244659881295544,-0.7872952672615604,-0.6582484123338483,-0.36166133915572124,-2.025807873111377,-2.4520685532194126,1.3462257562027482,2.2690228621330273,-0.6342858476894031,-1.0043464419306631,-0.5282970466629792,0.19058608581658298,-1.4162270557926455,-1.4162270557926455
-0.013497224737933921,0.013497224737933921,0.045571839903813784,-0.00797221505081229,-0.26940683444455776,0.17587758836725628,-0.15800789857898942,0.40215631257432144,-1.0041407667520679,-0.5559266602817545,0.39922312260527926,1.1979033920753739,-0.08828204835125482,-0.1603108031767716,0.8604734883597454,0.05014030468524655,-0.643549832317462,0.10968271629113525,0.9531366339132451,-0.5582917222418204,0.47635776935621926,0.6728612359668199,-1.9701038177118355,-1.707275690832545,-0.02355215087423812,0.5395785815058228,0.19729226563120644,0.5961417979369693,1.5628887685081978,-0.18984717387702477,0.4535087125544674,-1.2725099515708043,-1.0708524186844388,0.629359731333884,0.5222506360177785,0.2917107766578824,-0.23596998721097162,-1.3998687084019599,1.036087651046256,1.3193328965365603,-1.1511537365528692,-1.1511537365528692
-1.0577109289559004,1.0577109289559004,-0.6516003476058171,0.2912723659536016,0.7175422557959623,-1.3006435244942436,-0.42688106994742003,-0.9170711463643121,-0.7677975651041284,-1.2983662262335887,0.647195939702741,0.06917425674736721,2.5797093376543185,0.33438933745107335,-0.5830774385689385,0.03411933826985375,1.0299608175811612,-0.5030464708249479,0.2871241652018242,-0.13412969803491848,0.5054701591666269,0.591814133741378,0.8925973382993092,-0.26597983565286215,-0.17435425790283585,-0.9349961262679465,0.3113086734428849,-0.7458967997420505,-0.2739930818293042,0.7659501911798927,-0.9822940342546795,0.8035074649356417,1.9114190871397234,1.606108428999035,-0.09791524644290406,-0.9534012919386939,0.7441857103150346,0.6823868158276566,-1.422974925261673,-0.9490320649680302,-2.839078659485427,-2.839078659485427
0.822544912103189,-0.822544912103189,2.1439440893253257,-1.5045048428107632,1.502357052096028,-1.5929873063581181,-1.0121043752601675,1.4434371952613658,-0.03468488738678118,0.37282249247473465,-0.483186462299374,0.030147382485453067,-0.8036745679697308,0.4577258023889491,-0.1671217137864115,-0.39443397428741445,-0.33477533210654087,0.8507348598731156,-0.6124373746404379,2.6923321471424644,1.0602099074988798,-0.3540407109410238,-1.2111719292807812,0.7648028689853584,0.22530792204094158,-0.36387270715331277,1.6999573745763805,2.4055227024341472,-0.24338397937501807,0.705556556068204,0.058984221589597374,0.06528115816860827,-1.2804555710024668,0.3514023735151548,2.2724347204468818,3.0874359408724894,0.42154608353656126,0.8131422797604553,-0.9701242603796436,-0.8469209564967165,-0.809380821082754,-0.809380821082754
-1.2208436499710222,1.2208436499710222,0.6339190223180112,-0.634627946573163,0.07409478041977519,-0.030836621545971752,-1.6548566718657693,1.495901779922267,0.23421473253652075,-0.5421722190040014,1.5739867632900328,0.047930597555304155,1.6391168054440675,-0.9645911178488497,0.28257995048829965,-1.6060237556321306,-0.4036484632419967,-1.5029248099584245,0.36150352520610163,-1.5315869476177986,2.7596600389110777,-0.573601772896901,0.7307641190665245,0.6453981766933969,-0.3695269288333586,-0.3630332730164794,1.0715431522348857,-0.18505100856391837,-0.29983819627488056,1.2297896905641763,0.446872500802698,0.6070873492994037,0.18947982122108065,-0.9600143060554438,0.8890371222798921,1.7609856080070814,0.2668183962954019,0.1402204377635552,-0.3975577654917214,-0.1885407099221058,0.9567031863856584,0.9567031863856584
0.2088635950047554,-0.2088635950047554,-2.025142586657607,1.46280244209238,1.6286155455712918,-1.819140455627405,0.8231705839619146,-0.3933776064552017,1.5505004928140769,-1.7472865493930168,-1.2257656630023412,1.6429944919618062,1.6777008140764407,-1.2332731530633534,-0.24869112618354708,0.5645506133638377,-0.955122579349353,-0.8413691952701133,-1.1437262073206618,0.3668403962148531,0.39241596717876703,0.1018562952619867,0.014273067836434106,0.4995834097478703,-0.1314725956716678,0.9298066988141448,0.19063559126502433,-0.2625103899558345,1.904136589573007,0.20809724847104172,-0.34254920085776497,0.6527916738534929,1.0074439731951985,-0.4881929404152322,0.5737444210044131,0.8864862266909637,-0.33912227927003874,-0.5460068551255245,1.2376537575119981,1.6585349409244952,0.5169465157483709,0.5169465157483709
-1.9596701238797756,1.9596701238797756,0.18645431476942764,-0.3078977238575012,-1.3801014582148914,0.8733478400340181,0.07331796718840389,0.6504591558902412,-0.998354040738791,1.1656975822827573,-1.4643748802098202,-0.33095211368803634,-0.5535882417079946,-0.05578275006908412,1.6073455760199926,-0.990367886387218,0.42359906559346105,-1.1309487346075495,0.10855970577652314,0.45449285974950226,-0.5089636257074988,1.5490201514951873,-0.9539394193966448,-0.045869748496134406,0.8260471714415063,1.0651073301485292,0.9413105807674833,0.608962654678081,1.6259589153620633,0.43999874837200115,0.1704637709965709,-0.7991207441398832,-1.2549226680022925,-0.8721290486152129,-1.276304416538336,-1.473584414588503,0.37006111526895535,0.20043155292762038,0.37976763604089603,-0.2391533265480868,-0.2215132629521239,-0.2215132629521239
-1.3281860488984305,1.3281860488984305,-0.661786464768388,0.7756004662712225,-1.7033824393551547,1.966481637012788,-1.2899608997410539,2.092359284288403,0.9843223984765838,-0.39555286806899115,0.22445181855997204,0.40513772743258913,0.5689830791852754,-0.5833631624725739,0.49097495163825133,-1.2633220174731876,2.062524919243145,0.5186024957626731,-0.0332299906444608,1.0836667517612628,-0.025574312191994436,-1.2391070756539009,-0.4070363129267805,-0.033675877191351254,-0.43676423723821745,-1.3079016218525192,-1.0325239035275395,1.172817379552214,2.218780233448134,-0.6150999617115632,-0.9627325652846123,-0.07132759009973744,0.1847104747810833,0.5130538263848053,-1.2883076174635377,-0.9368292850738236,-0.12373268009975662,-0.32133580152027497,-0.9680457585102453,-1.023558254082976,-0.02230028371805305,-0.02230028371805305
0.19686123586912352,-0.19686123586912352,0.852433334796224,-1.0129118370831198,-0.05554769889661878,-0.3016969625965941,-1.295078772063616,1.6309602623828647,-0.21398884422550896,-0.32286959805407733,1.0470983026121545,0.08368425597636053,1.628396623128538,-0.4951696015145954,0.7348777860498175,-2.9604268578129105,-1.0675329142542729,1.8895585468537206,-0.2081168572725397,0.11830369247888484,-1.7690759048891183,-1.46752526575244,0.6863184569567008,-0.588379392536338,-1.6065771007386793,-0.2674912035785191,0.39792704994680894,0.9340192760855273,-0.1590452104000513,-0.4233237944814189,-0.20661127969604665,-0.3350896236629587,0.937915537510655,1.999837980847964,0.2927154821418534,0.09038083334159838,0.45780560992578473,-0.44258377922347225,-0.31030770538490365,-0.616031845123025,-0.6888855425754056,-0.6888855425754056
0.7384665799954104,-0.7384665799954104,-0.7925207384327007,0.3548711032302194,0.3840654489393073,0.1941629080876392,-0.3357846992901282,-1.0795978673972881,-0.04946370965243295,-0.9945652931452559,1.6839276914578687,-1.0996613988777835,-0.3791277409874871,0.29881958095527666,0.6628812686674127,-0.22511192715129083,0.02421945667275807,-0.10718280711425361,-0.12853751143893075,0.3193601679443914,-0.6947131310890582,0.16476084123651674,0.10589445311523424,0.7059149441061116,1.7495839042054206,-0.34532664951638614,1.80930634973311,0.9385483690306154,0.29562448874709507,1.0316217555170593,0.6102161695892225,1.0384330873143373,0.012499321907250335,0.5723627241964555,0.1455211977682408,0.3381399296779863,-0.49693202511797824,-0.8263540262886415,-0.6143231440962944,-0.3876218168211196,0.20475888240178416,0.20475888240178416
0.1713682811899705,-0.1713682811899705,-0.11473644146689901,0.209483590192856,-0.03269474809409311,-0.6516683143192962,1.669021525289393,-2.0821158003780718,0.6748194921666038,0.29307416732415353,-0.45888426286894,1.4208391799216686,-0.20358036010236177,0.08422386762522129,1.173473857485325,1.3385781155914451,1.4122205554154292,-0.44785494280825067,-1.881849045497639,-0.2015004997957233,-0.409282438113104,0.05088770185601806,0.5844129804724842,0.47730408907647504,1.3814540786904865,-0.9567871322384992,-0.21804589539237385,0.3765353218287847,-1.5166425494207911,-1.034207097100386,0.15697296096843422,-1.7637465051670163,2.8684030556667683,1.5268968119504343,-0.6141225650083162,0.6063364965069469,-0.18256897437954112,0.16671276350465575,-0.7097889922335351,-0.10256867883372889,0.7658782794806148,0.7658782794806148
-0.11564828238824053,0.11564828238824053,0.5049872789804571,-0.34771009828155214,-2.0674421000398766,1.9718361867810712,-0.2595913513636048,-0.2644957693892397,-1.1227220215622986,1.1937941553043079,1.0786808334312956,-0.6692923670656027,-0.5816809139486437,0.63313281295508,0.18102155870370695,1.5304338208612254,-0.07964139124571515,0.08456510025134778,-0.5487249077409615,0.3226504162999094,-0.5240883979345925,0.1733416643704082,1.9764405845154855,0.6871966310240555,-1.2922626951056186,-0.4710849546305458,-0.8476339286190848,-0.2127798303300544,1.4769344261182744,1.1777831989668277,-0.5865312695639355,-0.37908381616114917,-1.6685992588781953,-1.8222549214596309,0.14098269961206,0.7267172755408108,-0.9899577925520139,-0.5989591092157112,0.9788895585567792,0.6207855439301577,-1.6158867874104728,-1.6158867874104728
-0.3011036955892888,0.3011036955892888,0.8657551941701215,-1.0001510819091466,-0.08912003951278841,0.9362372040049707,-1.5031429531181062,1.070832803953293,0.3824097461840506,-0.3087865387339367,-0.03850846950070721,0.12800663357386374,-1.0147567306928669,1.4971480283022667,-1.2968319479558466,-0.046992453591829464,0.4523717962497339,1.04792923459049,0.09284490114111471,-0.350756492746069,0.152354872033722,0.24395319790850026,-1.5642416117110514,-0.679822221105705,0.6897078052451944,-0.16430860941003445,-0.6520888885930607,0.3368044961811075,-1.167779551267935,-0.6417108011790074,0.224216404290793,-0.40994979968950884,1.0587285298838789,1.6192375761056474,1.5886269280435958,0.3426384351894247,-0.0350076100062359,0.07282979557510341,-1.3717431292635056,-2.276478334547474,0.29964768783734813,0.29964768783734813
-1.4785219903674274,1.4785219903674274,-1.2002964070557762,0.874945929077509,-1.3044695005048532,-0.4394110996724907,-0.24574306408594432,0.5417026293671451,0.1664522082130561,1.377438271910299,-0.17262729994081963,-0.06357094653873778,-0.6492775450660071,1.1299917584500458,0.3996879517526416,-0.6943800774709629,-1.0623935281468797,-0.6961380904256813,0.15985639199740037,0.6024705824656502,-0.8224199323822006,-0.22320225463480511,1.617212574968624,-1.9808278955575127,-0.5029747705513431,2.2770919026682077,-1.0896330373423884,-2.739936431654607,0.2167755637626291,0.38371339776660013,0.714609790636618,0.7316555916823064,-0.17280173739646437,-0.8754453830384505,0.6954024745502987,1.469796820180993,-0.8110008636288448,-1.2458897800151034,1.6087808557343735,1.268219913161665,0.9324348709546673,0.9324348709546673
-0.7198442083947086,0.7198442083947086,-0.3345012358409484,0.4021993349365416,0.6696725488300385,-1.0138751923463167,-0.2727235697476705,-0.32737825108595564,0.4924512640081491,-1.1515385714658115,0.8836599374866724,-0.42833811777101877,-1.2239402667622565,-0.8713553612366636,-0.651356893791829,0.6425892076225797,0.4283070972076486,0.14789153184107692,-1.0276751409259581,-0.2649901268955761,1.1210306673244714,1.4898634386020821,0.10435593752321293,1.102088758534709,0.26348721533105957,0.47690970356950046,-0.7847619081277034,-0.5183740550776639,-1.097302527632844,-1.4907975447090107,-2.049941278577478,-0.6179004321266635,0.7719201548366751,1.7659269367198625,-1.1410085097527383,-0.5750848801688759,-1.1140464501619933,-1.000139057410995,0.8282296901846228,1.1435806897104435,-0.4151002889633696,-0.4151002889633696
-0.4606387709597875,0.4606387709597875,-0.4749453111609562,-0.20375455058618708,0.36659824609684827,0.05296467943084526,-2.6968866429415717,2.021198798193457,0.2891686439078181,-1.393921323084482,0.6523228784134196,-1.2755635139939474,0.03408346825922607,-2.354340771230837,-0.5286166817497568,-0.7938140040406583,-0.18714426500454878,0.9929234895363213,1.2657078408647007,0.2486393703741633,0.00020706491819709385,-1.6009039784765156,-0.8987840483231282,-0.5663156579767687,0.2942241290134937,-1.2909391492277418,-0.370508098590029,0.11905402430189752,-0.5888668267386961,-0.15745098012090267,1.1590740649558977,-0.033284968813620974,0.44130715169924584,0.03727657133434001,-0.1115088271429437,0.41260694168256773,0.25866114785538813,-1.099310109581402,1.090861670603698,1.2161229451417386,0.7007006121205837,0.7007006121205837
1.0571222262189157,-1.0571222262189157,-0.6533292325737119,-0.025502926603832687,-0.9398797863273552,0.6300765974360887,-0.05429486651781221,-0.5014449081919392,2.4553001399108942,-2.0267065398515323,-1.5763921569842494,-0.45892456857673625,-0.7699732310586418,1.1643076357351354,0.5863640187550933,0.11198191828135626,0.985729995679863,0.293824012638468,-0.8661748482145009,0.05750135283050496,-0.009300321138614417,-0.828497024780246,-1.3303136257389898,-0.9914824088368694,-0.234407800316322,-0.6002448121461871,-1.405567019178642,-1.5196675615012427,-0.8372624310497003,-3.0763263725314385,-0.336254738681072,-0.784888027628318,-0.7331561971099966,0.8325719398282825,-0.8049664808525608,0.4838431218103948,0.21273977585766032,0.2772778190173621,-0.4629395120252583,-0.23000350250071597,2.814654444472553,2.814654444472553
0.3436182895684614,-0.3436182895684614,1.7654542402810969,-1.9020713919540015,-0.5138669173366935,0.6337810578921401,-0.23093453020867796,-0.27505689113860193,-0.637739984251316,0.3461751774663913,1.4765403497258958,0.6426117163527905,0.2337859117907477,-1.3462793849785755,1.2382830714336357,0.35930908755347213,1.1873860515647512,-0.05172592020140024,0.9694572005267368,1.0234601330163926,-0.32789471651291785,-0.10325476014904739,-0.1891203907770335,0.6710907661750887,-0.7837656655863965,0.8439940291244774,0.015618333949603047,0.37321445746678533,-0.6078752606758179,-0.41444326264507403,0.42548993324023027,0.11690594613030018,0.22899639245934025,0.6805428675230268,-0.38769991640856116,-1.0652170209342757,0.7828737349485725,1.4836136126469983,-0.14994071907910936,-0.2569928979451119,-0.10434279298689192,-0.10434279298689192
-1.763040155362734,1.763040155362734,0.40498171096095553,-0.45752299627471366,-1.0592135218889516,0.484979705481669,0.6962063648134184,-1.491901410005109,-0.5309969550018176,0.513269732459244,1.3800913541474515,-1.4235357207409183,-1.5558956462036273,0.4163573649253724,0.02127157673606165,1.1640382267632965,2.589563642018614,0.462908125914834,0.42719436187168486,-0.09385554550384245,0.15519068385897913,-1.6431888111541673,0.9216501119244593,-0.2978826407140891,-0.6905410523162594,1.908139449750564,0.9022771737866472,0.07563003887574554,-0.5391227031489786,-1.7100024928445536,1.197246923645228,-0.17789148513821762,-1.8579014513982872,-1.224337262392939,-0.41361566562964275,-0.3151155465650833,-0.43112556957509907,-1.2293797348853426,-1.433151814524712,-1.8473532055586883,0.3933070500053236,0.3933070500053236
0.324083969394795,-0.324083969394795,-1.2608839543350452,1.270317024823935,-0.06267909727317188,0.10209715030227744,1.8489560949453452,-1.9535896814569724,-0.6231405264247644,0.1808954695697947,-0.6255627015095294,-0.545789608991937,0.33088023221445706,-1.204778395599953,0.3088330125989638,-0.188190803515627,0.5796331732135757,-2.764542544267468,-0.646227309843803,-1.6995223004636093,0.8250982646676347,-0.17585440443207118,-0.12754912037753421,1.0418684742208528,-0.9161919154812425,-1.7371783253171162,-0.9077561801469204,1.4022902317138572,-0.5482687949250771,0.8860047139854608,-1.371673697230466,0.043342421218608984,0.6032475005713938,-0.05356859711806505,-0.4776455826040052,-0.713886371978322,0.4080528468367557,-0.02511432652124851,-0.524662407066803,-0.24758457894598287,-0.7380570836613916,-0.7380570836613916
-0.38508228041631654,0.38508228041631654,0.9178619470547761,-0.1829828868085419,0.9551423205012383,-0.8575201976362383,1.1265650295477574,-1.7538914075806518,-0.5554771191602547,0.6149305887075902,0.39580353343740904,-2.06279230935778,0.8335289616089246,-1.9849539358515873,1.702214944635238,-0.7049568579839807,0.32579631658216646,0.5990201935142977,1.775310892609512,1.078064950564203,-0.8671302157109003,1.6614701657280182,1.5111549302473475,0.7650286614735895,-0.8318222082304447,-2.0083066410885144,1.5192839236417688,1.9563503575770942,0.8333339117803071,1.045839172683845,-0.7094410024275466,-0.6744633160613951,0.29815846599052565,-0.09383122228254848,-1.2551353719733949,-1.9982703476077486,0.5507975722736632,0.6381021250450083,0.4936548476431509,0.0806343528413232,0.1812511626020504,0.1812511626020504
-0.6769220003059587,0.6769220003059587,2.1221561970126332,-1.5360954147620927,-0.9857260463355437,1.4892500740643193,-0.26888869055483056,-0.5086908157583099,-0.6373871273065177,-0.6187992629684447,0.4940301862827388,-0.8003721986869811,-1.9937356425714554,1.2937530446277306,0.24075317948856828,-0.9097679615151085,0.19438430157733602,-0.6797375310452771,-1.19363683175648,-0.7818285775643312,-0.6581164890752567,0.020886488295961788,-1.4511756900515589,0.535025319970794,-0.06717829004935526,1.819728344461213,0.5107920885275947,-0.29111256606186775,-1.10486279306252,-0.014234097325220463,-0.2885486958757048,-2.6617999943724833,0.6386601686431024,0.7258494550860515,-0.12765468151819012,0.15824217198998988,0.44477380783159476,1.1075246269217658,1.2960630617813962,2.1184824499755273,0.46027162498230384,0.46027162498230384
0.6116762888408679,-0.6116762888408679,1.0324652605511468,-0.9989343234249353,0.5040465155178444,-0.25058470643354774,-1.1065259087416703,1.527018884098788,1.1890165311075518,0.44160176459407663,0.2606737658239071,-1.2761662554907518,0.37405656984757213,0.5461545693216139,2.601683114180395,-1.5692985188542639,-0.35316629281068834,-1.723013342898401,0.9191541736100015,-0.742404711119768,-0.30372602877666466,0.23070090571868349,-0.01208894784605456,-1.3603176670731754,-0.7157599891107518,0.2385903746230236,1.0305805856240573,0.16528416957172426,0.22054142701386686,1.4822418044969579,-0.7837535211244283,-0.7164821834954276,1.0581183250871502,0.6965961920264634,-0.56060763684731,1.401184789944688,-0.8256536828021421,-0.9294577160218034,-1.1071568168024517,-0.7477628083443227,0.19484234027013805,0.19484234027013805
1.030999522495951,-1.030999522495951,-1.5193699659540134,1.359143996504894,-0.5302576183724408,0.6267676919430739,2.5733598032498604,-2.479358283748045,1.4205042479898549,-0.9180234915079679,-0.5503051538454201,1.6971794189999787,1.2276689924732922,-1.01944810704122,0.5655096456315442,-0.38569998696780045,0.33848384346169114,0.4331774409158766,1.0005823180429783,-0.6927337361482448,-1.345870923473215,-1.2601647651725802,-1.252393444413119,1.0806296954950856,0.6820520657126199,-0.7143392430432135,-0.6578345538521371,-0.26789184783883835,1.2179591523055584,-0.38251269605256794,1.7349365758368085,-0.03193704387583052,0.3676198402097109,-0.2544772223291376,-2.929448690002268,-3.3646924345358262,0.1493634822711889,-0.2958594117425866,-0.36550593698526584,-0.5820540705438495,-1.0196953197088567,-1.0196953197088567
0.9312801191161986,-0.9312801191161986,-0.48423407286625136,-0.001181753259198448,-0.7928728322623442,0.387172086136395,0.05921843401448826,1.8384439074514651,-0.5707462937494763,1.236284441520188,-0.6716233679380516,1.210338936515407,-1.2096410186912054,-1.8908730790407042,-1.7607627591558177,0.8786731859471018,-0.29540141013902943,1.404985288613057,-0.6706202090766449,1.4346106566934058,-0.8192578597214978,-0.6163614080394775,0.3636318826249679,0.2963041847776142,1.4872461553359273,0.8212766161273652,0.8545252270666157,-0.17449811188012176,-0.513196364513396,1.3962062784002711,-0.8567720938267928,-1.8411123436817511,0.1480894197982762,-0.04365147637514008,2.052972024501663,1.4140274498072218,0.36414029605466136,-0.8900416486059206,-0.15129922023252232,-0.4026659491031345,0.2063617713254507,0.2063617713254507
-0.8392175232226385,0.8392175232226385,1.2669111491866227,-1.148289723159846,-0.10703035995455783,-0.20693944647984977,0.013929291912946203,0.3425489438269243,-0.8323555731042287,0.7735936209647005,-0.025554070991445278,-0.5831786450512164,1.6725723868377034,-1.1696702611483594,0.7533416211045325,0.645501702444385,0.1684609762696143,-0.1683636859504488,1.3924653000643288,-2.2642155426677903,-0.47622087354465903,-0.375196380323937,0.8868873900973003,-0.27873737535091403,-0.580053241370043,-2.6985054687883263,-1.091933900395313,-0.14153819259845013,-0.7179188907476018,0.5672001247854601,-0.5555467794868666,-1.349416293763757,-0.8810683366612923,-0.4657793782214555,1.088769654216672,1.2195779105761968,0.007178466907941942,0.06780565111121736,-1.3957892021924851,-1.2967237223748562,1.4621959387176369,1.4621959387176369
-0.3092123758512146,0.3092123758512146,-0.7076694656187807,0.5110791354336147,-1.035242322419374,0.5686589452437267,-0.024125087110003277,0.1488869558146258,0.4714155563864041,0.0825532414911847,1.1727290192593647,1.3643021181921497,0.4190190093660452,0.19148669872239316,0.38115838488277776,-0.8805314022717419,1.3175975356079597,0.6701030646915136,-0.2500465145989528,3.1470250232513073,0.8743891807127275,-0.31771509675623405,-0.42076179368105326,0.10059354426340734,0.23940450053537707,0.05118820762165254,0.8902475008365087,-0.4562807409924646,-0.23052462518025083,-0.3090163520166683,0.20438903160297678,0.19694503179807465,-0.712220763649051,-2.1303197337212803,-0.37630072492499606,-0.17551509062335907,-2.0864776583710847,-0.4439365026106217,0.5913492417584003,0.42781785009490375,0.4486357645145273,0.4486357645145273
0.33126343140356396,-0.33126343140356396,0.44381942814622843,-0.2587677261597391,-0.553649305347182,0.6795907297047237,0.19808476076785494,-0.7516493978622036,-0.5522230442809712,0.7871476507543459,0.5436001545944323,0.5784337749963053,-0.7050118557584089,-1.0734400997073033,1.2897527540827456,1.037008315212626,-1.0065425652796411,1.7810121352381352,0.28869362927985703,1.0218938949636402,0.26256132900192497,1.2816437950037687,-2.6042138566271342,-2.027753127742693,0.49968511030293383,0.42113486219910223,0.17183933979353122,-1.026986487781997,1.1797252083607102,1.5127031403808306,-1.2021495260760888,0.5495619467301209,1.186734620177331,1.0785752639373576,0.018819049740598424,-0.06761625421174079,0.16048962397348007,0.29480677635758956,-0.7239903317426091,-0.16477474214154236,0.961987189071841,0.961987189071841
0.9755451271223592,-0.9755451271223592,0.7746340534293368,-1.0577522566778406,-1.1978778925888485,0.7057116255789211,-0.14436041192394247,0.6011735765068383,0.6329318177555108,-0.021592242639454418,-0.37061433208610595,-0.0960050640218596,-0.05576907765770601,0.19035977342488464,0.6731813512699584,-0.46058983684482213,1.1398785611290454,1.0603720744507794,0.2603218387712207,0.1960877311547153,0.19358991136754436,0.5576910607251245,0.19894814679649453,0.42649922824121683,0.4720022709192744,0.9999965447273311,0.5532512199847837,0.760004013636226,0.1941076309533577,-0.9362916999116332,-0.39568071175626385,0.07338535455980433,1.4363354057059785,0.07802426365014159,-1.1716543473175618,-1.7479841103963,2.212531039397242,1.7566574440075657,-0.19539035117702397,-0.09459439152369936,-0.23701197001262772,-0.23701197001262772
-0.47917423784528995,0.47917423784528995,-0.926930471578083,1.0606153216460124,1.9647251329163893,-1.397915192195264,-0.5736620068802363,-0.009524228867739404,0.2029230208512997,0.3924243953832553,0.7716987106483447,-2.5503981987686917,0.5583269125217224,-0.23736247355141082,-0.13845598398377382,0.021153695487944137,1.3171150673398653,1.3434075038214144,-0.1343087414705478,-0.04118796683867323,0.8508979621679722,-1.111457956937032,0.4367385517335095,-0.9805378635833045,0.07595526791608741,-0.9782200405727639,-1.1755946056248516,0.24785456715344056,-0.5312142946075985,-0.9681654291957614,0.31745326125017514,-0.3665207110510785,-0.23811043631205406,-1.0655321843518286,1.6957228778108653,1.3532490008496836,-0.3600392687569827,-0.09478202854539497,-0.4519493719118777,-0.7256653160996107,0.7499002394237105,0.7499002394237105
-0.18565897666381712,0.18565897666381712,-0.05952535606180008,0.7216782233166815,0.03526355197172861,1.2170296376098801,-0.5468589412403921,0.4699336947552373,-1.515744114997232,1.9727684931042844,-2.8485426206300755,3.4082857767898953,0.0760053914124115,0.5005272727083291,-1.2242982362893657,-0.34550504160888,-0.11806852699107874,0.7507471762854215,0.8108082731597821,0.20304188978199378,-0.13737178839939665,0.24650477843200488,0.40429475496169764,-1.3054604654655675,0.7426824183597224,0.2324924128502383,-0.8950698422766047,-1.0357892861400986,0.48387665118803974,-0.3642310343084146,-0.33286040438251124,0.22839441251847167,0.04600274725327412,-1.3222738293366039,1.8972886947731116,0.7876645084253097,-0.7280770978553212,-0.5891168806534183,-0.7893385057196743,0.11361933538747782,0.27926783821652595,0.27926783821652595
-1.1063349740060282,1.1063349740060282,-3.2412673400690726,2.869733156441373,-0.6997255079925856,1.0824552284530837,-0.03275327021599839,1.8511933392577755,1.5475052013300616,-0.7712861850368609,1.1487657003721035,-1.7777879068027334,0.5387559924463692,-0.10590517900083492,-0.20902325728602528,-2.2498708407417705,-2.1218548990085946,0.4982805497018236,0.793488720552213,0.4391613973767146,0.3904648499288896,0.49822174849678513,1.235782191822154,-1.3911500458684436,0.4822489526806572,-0.8102774611646354,0.5972282182533848,1.033283110082015,-1.1022921498364233,-0.9257329375640897,-0.09338685889994829,-0.44427730073089966,-0.9046143749937661,-1.9778826232905722,0.1566937282465246,-1.4542313022491198,0.3733485597113982,-0.1891297755869592,-0.0070449854805546995,0.015152516484625938,-0.950910729687232,-0.950910729687232
-1.1962066240806708,1.1962066240806708,-1.0243876413342898,1.0970509573073588,0.213979910734222,-0.36679804788808223,-0.543424771133765,0.3117968499199764,1.7958776730955217,-0.5103235977865032,-1.7397137787780996,-0.5551002248307016,-0.9206735930793662,-0.5235629783683009,-0.8505204542093001,1.098481695683777,-0.6078219870944325,-1.4480351323936895,-1.7485319732381808,0.8168345995695114,-0.10322175293249623,1.1401490385212665,-1.0710536796490489,1.0000055865646504,-1.2376624223272978,0.0026914715336144035,-0.9483480042242007,-0.8869911558599644,0.681359510442948,-0.6958072706294147,-0.5293321124483709,-0.8662076213975178,1.1727568452674448,-0.38070389532936455,1.0235306441853447,1.5695809353390298,0.3123782104665717,0.7438705177798804,-0.21560957856802238,0.1410808244220776,0.31852100479887446,0.31852100479887446
0.812525822394198,-0.812525822394198,-0.2525681513931603,0.5281381278898954,-0.11232804969082982,0.8105907930510305,-0.7128457826771644,1.3197373683242677,-0.6127886904843862,0.29588465886085036,-0.36244094140313216,1.0667924419807426,0.169360824036078,1.0289315665464707,-0.5805234498047227,0.8770613137027228,1.2969945465611092,-0.5004899256154285,1.3043402428781525,0.4223854393859481,0.26536234939962844,1.5805406865683735,0.6802161054504494,-0.5580875608103569,0.8691560643892732,-0.7034254402688928,0.46320629209912306,0.38046613263021967,0.4086073077017676,1.284417070317323,-1.514470309180767,-1.7569425504605358,0.6654168236917787,-0.16796667188932524,0.17528677893392386,0.8071251191869775,1.1927351654164144,1.089645046200184,-0.37185788227866556,-0.5997918821242385,-0.9916966634403105,-0.9916966634403105
1.356240028570823,-1.356240028570823,-1.2477831819648495,0.9481169146653583,-0.22096959953322298,-0.06806954418635239,0.10643022769189683,-0.5766695706518423,-0.38770155993598415,1.3847147083211688,-1.1196698946261439,2.6727225101470964,-1.4137144969049802,0.4201910451049682,0.5885784044206096,-0.44494290650011153,-0.022868062298882122,-0.8216359418857633,-1.6624919880356743,0.2553808512599925,-0.5827586576115821,-1.0150941918278686,1.192507512477975,1.6452905545570204,0.8872908372667421,-0.22239736036431873,-1.3671378064602457,0.3724169703406254,-0.3078084711388841,-0.3603673651889854,0.32159321133923857,-1.3563316440587496,1.9412174364637491,2.727337771899504,-1.3367254388759306,-0.8988144903400919,-1.2578681559088878,-0.9957265735669159,-0.7284616216803428,-0.49733702689643733,-0.6328802748847919,-0.6328802748847919
-0.07201012158033385,0.07201012158033385,1.6324113039316352,-1.3714905253165883,0.6141667000434252,-1.7142080811414524,-0.2549772174208553,0.1534972721239183,0.28586539072490497,-0.7126330760823588,-1.2946814757209058,1.8461561644588471,-0.11122606134870032,0.019465400715445093,1.6699045043514062,-0.43706628001357906,-0.9993022322949108,2.326941213931275,1.0325462043416573,-0.2996038694984211,-2.438817158276429,-0.8108575112103382,-1.7785875840065168,-0.7109744829210348,-0.7632861041785816,-1.1283530589334152,0.8481742126666681,0.222387920668965,-0.838585798447231,-0.012358179310209716,1.7549330716472415,0.5397827004053521,-0.8783230771797389,-0.9476975870240064,-0.4118233689636573,-0.12468430921338072,0.7313802525749924,-0.00011541430695594102,0.31952467078295543,0.42318190487656204,0.18932830729237413,0.18932830729237413
1.0035328978920242,-1.0035328978920242,-1.4301413779606327,1.2926161404110101,0.7575077100473051,-1.2108579545882865,1.5039929885826886,0.211809508053036,0.334456789987025,1.2400782723364376,1.1608267873785194,-0.09205377029818751,-0.9039076414647897,-0.493791156640058,0.3946715298229811,0.373773186369438,-0.5047749212282174,-0.07137721313599431,1.1267051368275833,-0.2631855304878687,-0.13427916218630415,-1.2575778589146163,0.31965182591897723,-1.6668345358571015,0.03793783544760203,0.6455681852900943,-1.232523314768509,0.0640381881489745,-0.8866809222834573,-0.87740803077582,0.01840163078343813,0.14607915281934095,-0.3780078990182172,-0.08460465439650522,0.13192796677195706,0.8595660964706268,0.5904220612514635,1.254442408162026,1.653617268492285,0.6645765113450264,0.29724427338012405,0.29724427338012405
0.36163602504763415,-0.36163602504763415,-0.44004448669698376,0.4386160623046531,-0.5305011476105275,-0.6980742345270912,-2.650969808393012,1.4079348288505653,0.6585442726728304,-0.427252924119173,-0.46770120131189136,0.7489229695491729,-0.7355299425897666,-0.11206291702719828,-1.1958830620351844,-1.1318088282851504,0.840620026504553,-0.04740844110883824,-1.0909664302151982,-0.08483464731745283,1.42274813609994,-0.23401985910698136,-0.5041798310076715,-1.1613457740721878,0.6833289928110694,0.9777726805347207,0.5522999376795232,-0.32695250077429083,0.5348173363459102,-1.4546835525116393,0.22526411724754952,0.02895350578399554,0.2314459225255723,0.4592526627204063,-0.4545477187434442,-0.15797284286395646,-0.1421465369405461,0.28510441764742894,0.13988723283912738,1.0043365645482845,-1.189232465077129,-1.189232465077129
-0.6451197546051243,0.6451197546051243,0.13074057728609134,-0.4546136725769019,-0.57581824064468,0.2497465020909589,1.0915068519224618,0.5302923693893529,2.0102045387663496,-2.3507428049542485,0.3465038817307158,0.5658276130232804,1.2360931752104374,-1.3053723525103027,0.4446026682201407,-0.6380648890012637,0.5467335682013793,0.43099639512214377,-0.4108142879545848,1.1691684317453432,0.9262154022415924,0.4663583744463345,-0.08152267310164589,1.2214647692271194,-0.20931381957936157,-0.27174303573852354,0.6256309336460009,0.0002721043932855105,1.2289805024890619,0.7391038583573266,0.6927227551168594,-0.013876549178154007,0.6464895377257707,0.4927458716081414,-0.218653277435036,0.49254037234289916,0.33868731792169,-0.0608026480830291,0.996118214911129,1.4590852711402071,1.0539857711828762,1.0539857711828762
0.36139560550841393,-0.36139560550841393,1.4412732890661155,-1.2864622228911735,-0.275051697151644,0.23109238523504624,1.246085192497629,-0.3668236555265447,-0.1769472274940494,0.20865186842506106,-0.04692057887918407,0.6807117278532299,1.091310120594269,-0.5950317303863986,1.196631486645651,0.39869076819843663,-0.23893209916969432,0.09050791789377047,-1.1057046684859357,0.7011519487282342,0.9653974845911707,0.9873345165891019,0.34767648353833636,-0.12034908016096299,1.0729780477660118,0.2520610401288761,-0.6967718184295749,-0.4054089266270113,-0.6373077470287948,-2.0075337333949275,-1.2693304965466992,-1.4537053623658216,-0.21566763754763232,-0.1913553511093743,-0.09139955750911445,-0.2764244748869809,1.0294574815983573,1.424660897487848,-1.3902219251534627,-1.4243331570309212,0.5720062783004729,0.5720062783004729
1.5380365664659692,-1.5380365664659692,-1.4358621511794394,1.5093483586209806,-2.301921164735585,2.847399319153637,-2.0733902324081495,1.0496915403374882,-0.7982972445384537,-0.06586297925683243,0.47704082722312147,0.004998502872239213,0.609138120907177,1.32515148722715,-0.6097829043193822,-1.0135809793879806,-0.36682441181468756,1.734168937174571,-0.21492103028873533,-2.904157648673172,1.2361307218062179,-0.07595102364252276,-0.4872285641135523,-0.5942618283446557,2.3638724946193608,-0.9465494257275837,0.5820265670847269,-0.5375823815683611,0.45838670355148425,0.12045053913304422,1.7025146581296056,1.3780139828191247,-0.8729610904537004,-1.480011665151616,-0.08087849786546131,0.8803288483379683,0.8723153800284503,0.3993098009916361,0.15776143929376948,-0.3384829453525955,-0.7047284356108838,-0.7047284356108838
-0.03582603910995154,0.03582603910995154,1.1631637521549596,-0.414308543045103,-1.5151910621985523,1.4083092740173395,-0.34268759408034877,0.6915107764684046,-1.3793192280145272,1.5001063759996955,0.07682189106025536,0.051829857594580045,-1.092312764672579,-0.8204430608268427,-0.1340171666729177,0.3202415693825195,-0.3917581490438219,-0.5317176601588487,-0.30803428418574125,0.6834164610541629,0.08865759096143744,-0.31984752325484395,-0.6757080791616118,0.09164531651545232,-0.7859860326349823,-0.4508191567047044,0.26044226333355597,-0.09049912499375126,-2.0870270186020687,-2.0888922554403866,0.20232879642280202,-1.0395053045977132,0.8814075289235711,1.6895865559775123,0.05225849049748321,0.26566777361288063,-1.1430193120737286,-1.383617545165605,-1.0973683189710666,-0.8361328919516006,-1.5375847964491753,-1.5375847964491753
1.5646436558140062,-1.5646436558140062,0.010233061019587049,0.4089267041215913,1.3668742674445247,-1.2249597312409384,-0.37144086599579146,0.9545514056840714,-0.7309300399419191,-0.08354115947676133,-1.2829922241885696,0.5872888732309699,-0.3164084496948019,-1.3522900689678639,0.014688194729197093,-1.2985030217779692,-0.9224101844985025,0.3751576230888055,0.7796605322693398,0.11579401406819549,0.1973157074055956,0.15175799224874037,0.0341524174880246,0.5026827603924953,-1.3810446031537749,-0.3253991984243995,-0.5388418561927383,-1.638940260175573,-0.5846177306571996,1.5875214463859564,1.631856899089109,1.4879883369788458,0.7211353625455816,1.8784385324376571,-1.060605066396601,-0.6038427398095223,0.8201581867554845,0.2003046789162155,-1.4769249275319014,-1.2914417837402292,-0.1449045790814313,-0.1449045790814313
-2.6197451040897444,2.6197451040897444,-0.9815086510479509,1.821908259872899,1.6449677135012837,-0.8183308220909337,-1.4075116947178212,1.429319320435379,-0.033126972873797095,-0.33707056284754555,0.99626681944714,-1.1510858972360016,1.2130976999791834,0.8631107971908133,-0.78489831308224,0.6804153388842301,1.6153756894694418,-1.0505447714881235,1.3103087461196083,-0.14964585223951626,-0.6176518954343502,-0.835142901630023,-1.0872459388628026,1.0030731901744812,0.30381859560487573,2.628606036894953,-1.008554684076208,-0.7710972185445422,-0.031058932870901952,0.8228541588369735,-0.7330329955239894,-1.2344618962576477,-0.9162741005637249,-1.8958914156363837,-0.7170161491279362,-1.4089163408809742,-0.06468860503251848,-1.1143920158788694,-0.7393714074590363,-0.5104017662988845,-0.44594371386116016,-0.44594371386116016
0.8219025043752238,-0.8219025043752238,0.46210347426327075,-0.7503721749570667,-0.24903603955637832,-1.127452353759628,-0.7778166875908753,-0.5768930640690312,1.7945578635177877,-2.5883673028670975,-0.4937565831613125,0.0038065448048799078,0.14171691363990474,-0.24853508451494685,0.648280433843859,-0.22848393731333538,-0.3223204692113399,-1.2288885467489365,1.395683810789956,-0.5261393609865347,-0.31607285602704976,2.0895387216947734,-1.0858251288851855,1.332656023513557,0.7215625051261435,-0.9451882285535439,-1.962625691672579,-0.8605416081500958,-0.9096834169818336,-0.2669484160867096,1.8180619225578247,0.25740293102861034,1.3554428011054958,-0.005957192045806248,-1.2845842656999693,-0.6942815164252762,0.07287409801551539,0.3412247066633357,1.1918993344135729,1.1562160519598845,0.11314045705302281,0.11314045705302281
0.08704706823817122,-0.08704706823817122,0.19905969557347003,0.20108202416692608,0.5765569630557664,-0.31987683557947366,-1.1105758454658288,0.25812328193747247,-0.5176112990361714,-0.05127827597755852,-1.556581898659751,-0.6878526592732999,2.319329539981694,-1.5409471100607726,-0.12094814860778157,-1.5044531100656686,1.2171585208254965,-0.8428405494148138,-0.5621680265783021,1.1746948369356653,0.6157711497711416,-1.6076610271180587,0.6793732829565033,-0.29002795452935143,-0.23086637384476896,1.3884215764073229,0.3496500472996937,-0.1394848943247256,-0.936506374789596,0.7836037513988973,0.7751554940347831,-0.8826954899505848,1.1701987091966037,0.47827095161635735,0.9778155496862003,0.0903362348742508,0.0731969910016945,-1.0401293342016544,0.9500158286696456,1.0756795771489396,-0.3631166611555665,-0.3631166611555665
-0.29900735046586746,0.29900735046586746,-0.6002168771587947,0.6201121169548681,0.3112501545435361,0.2135189926973511,1.7522704434236227,-1.403352972448701,0.2237879516388985,-2.0733762322865044,-0.4281151609659125,0.128892965480022,0.39331783939437187,0.7957612533486333,0.41953244390702776,0.9852307964776545,1.5213160519224513,-0.3405517121747413,-0.20922187374452778,0.9636991135127779,1.2038844371688162,0.18474057889572446,-1.148794035158656,-1.4342801921717965,1.4532606633210343,1.2673702689073734,-1.5648027713620551,-0.6998147120668193,-0.6677795564688862,-1.0427732283050095,0.5530400858523584,-0.1577069537888387,0.13429649724779288,-0.6910523375794774,-2.1056469418403245,-1.9297779001560702,-0.15024298879825998,-0.8572606897980654,0.24300472205439969,0.8495701782548938,-2.00745686074501,-2.00745686074501
0.0917607765355023,-0.0917607765355023,0.06980208499001891,0.8916910927254608,3.0788808084552377,-3.350256394232095,0.9356783931474612,-0.7081309758641227,-0.016422896072752075,-1.2572685211449275,1.5007597906343109,-1.606524908065234,0.1920491164900316,-0.631875457173156,-0.8874921778021001,-0.43450804879771593,0.9983108981479604,-0.6202907378332039,-1.6834381922209503,-0.6006597506826593,-0.13944627568099954,2.0236062192296393,0.6663125009092119,-0.3447613909080029,-1.3386057997232488,0.007245237755406253,0.0953441994413082,-0.030316031658335553,0.29219272832637316,0.6149841696112032,0.23402445435314795,0.9616575928459592,0.07959786237603639,0.45253116019031403,1.1535903433169254,0.22521857112207422,1.191707497107065,-0.2919868077614677,-1.5327005598899308,-1.1318000578352052,-0.3883469383011584,-0.3883469383011584
-1.9875689146008928,1.9875689146008928,-0.3853135968617602,-0.005546817034446483,1.1195749114345768,-0.2094075032235042,1.2715550949941588,-0.4468400302707378,1.188393273448084,-0.10470423915341243,0.8502217421134929,-1.3808472551107274,-0.3091164642025014,1.7972121320916936,-0.43745830032341043,-0.6416940726146095,-0.4316203127180484,-0.5921071726119453,-0.8058700664961888,0.4855989185840481,-0.4501892648514116,0.006799844559997769,0.4625912928539512,0.3052349634591137,0.6929186230316111,1.8616728596000682,-0.2634482160822491,0.37832359406447313,-0.1873290184063747,0.10819768006904239,-0.24852861807444937,0.3222827144600509,0.5540577711159071,-0.25018309925574617,1.3863493972628433,0.20900053266693286,-0.08371795984921201,-0.11861618355390544,-0.1962806513879368,-0.6341868107771631,-0.30561911106831297,-0.30561911106831297
-0.21967188783751193,0.21967188783751193,0.11351734525124804,-0.46819187580110444,-0.12791759148076653,0.30543191768126166,0.7216720640432351,-0.3782665468457387,2.5269324258736217,-0.887519328603507,-0.3486521344078592,0.33011897209507957,0.1335409047822823,0.567912962283306,0.7223813578277714,-0.0253835875130079,0.40373009033660945,-1.4586500990117264,0.9648516330974576,-1.0632714073583673,0.0005279588565972928,-0.19003903500149447,-1.7258067287905967,-1.1315086968579835,-0.6058608207588934,0.24341525120182034,0.6791427754381955,1.037978951954921,-2.238231233324972,-0.6533140917900008,1.2005316584738726,1.4476042338776387,-0.8617030702562581,1.215023012091527,-0.3021805869826214,1.3058638792781856,-1.1195461283831687,-0.9858291788696582,0.30170000890173554,0.8654573859311693,0.6336610247740587,0.6336610247740587
0.3571125715117464,-0.3571125715117464,0.6621306745210467,-0.8571868039681417,-0.9555404406004258,0.51525960413986,-1.1290517712172292,-0.1632903766666034,-0.5308687729203206,0.6588873131801642,-0.3492577043184288,1.3801381942596576,-0.1524698363805439,-0.3861902574998176,-0.372833152091767,1.207580141459236,-0.024195606390916165,-0.07658737781066087,1.6155828235482317,-1.5342610243238997,0.6012067489291149,-0.3574454228104272,-0.6775646523356551,-1.0201096009692407,1.7193779062072967,0.7251721644807967,-0.3020454994898642,-0.7104501714550957,-2.120700152635066,0.3178511839422268,0.14035986984804696,0.522368644099495,0.03003147916408217,0.9704577629733262,-2.6031370878272986,-0.8714296989477535,-0.39352985596972884,-0.5108416126876014,0.1755362295785979,0.873109915375392,-0.6981996746110497,-0.6981996746110497
1.477894044741516,-1.477894044741516,1.586016816145352,-2.3531998174192736,-1.6064463202575725,1.664826175869829,-0.5245202662797737,0.63867976056033,-0.48943944251822213,-0.47991724899243715,-0.3216350512173826,0.9561030351237997,0.7081086766885905,1.6939621662523852,1.7269638512334051,-1.4871214101481827,-0.9037018607301281,-1.293578476632297,-1.234348871879922,-0.5001408778973512,-1.4438548161335418,-0.18039168176240783,1.1941094030473725,0.461475563476372,1.9925153531681183,0.346455672755055,-0.3294477863470914,-1.246614799038234,-0.6068651778571754,0.42859403024629317,-1.9670697035871523,-1.9393409606912912,-2.1523835446091804,-1.1213709022597362,-0.3613105619672905,1.1184993139291814,0.1786947168104756,-0.48259084335396507,-1.8437935834807457,-0.2854645481281721,1.6786746733725662,1.6786746733725662
-0.5182702182736474,0.5182702182736474,-1.237815498826849,0.8848626480876169,0.2034636358672231,1.1996448059888587,0.48937456122791806,0.09348324708374917,1.044160877069072,-0.664665611155027,2.076747983560841,-2.398467411176887,0.9567023167945841,-0.9378278235632629,-0.39963618561460235,0.1787296823918719,0.324359281721603,0.6798278584552255,-0.5924642591528942,0.9173170967788892,-2.296180953137238,1.3728484746765302,-0.9811655311396816,-0.14652503171226158,-0.7666565877833479,1.0455164532725723,0.7318707042882956,-0.7744858031696875,0.45768658605355206,0.4476942423855361,-1.1171864617070024,-0.8450651024193153,0.8764556455029355,1.347462397957547,-0.06418416128881928,-0.9182506386799303,1.2292147842970504,0.2800315753756565,-0.8903178480198718,-1.291005758674118,-1.911640550651757,-1.911640550651757
-0.8084936028931876,0.8084936028931876,2.1330333746562666,-2.2506282928360033,-0.7563507452843033,0.7142003492625397,-1.2221278088919454,1.2552598081125081,0.6818914896263114,-0.41201692504824156,0.38193545223155334,-1.0480108326855448,-0.7859894605079495,0.9945374272249923,0.22468472575188592,0.34165945215419036,-1.1790397911598025,0.3165820899162186,-0.02640575695892703,0.950988021836776,-0.5505368494915835,-2.211861911329507,-0.46440426230938764,-0.013807827821566733,-0.5495571359085801,0.9644046294171198,0.3350580290841175,-0.36424455684745666,-2.7475048427252347,-2.6157313257196084,-0.1858457521927473,-0.7685951419225916,-1.5614932224418594,-0.05217559397926841,-1.0105982199289134,-0.6565333984248464,0.6030946849488336,0.7610976660870113,-0.06407776414871663,0.048199827318731576,1.3111674978026244,1.3111674978026244
-0.5017570435845365,0.5017570435845365,-1.9520877995225019,1.822434151268874,-1.4222537095976742,1.286735319458341,0.7129984301723881,0.2727329187290228,1.8467073257360336,-2.0347161467956543,0.43004164719106963,0.5997109243507259,-1.331232953557778,0.8067993623533924,0.9325908318730899,0.3814033599282839,1.1876793884615637,-1.6656388566993479,0.2801611588196068,0.48249743127741834,-1.2207124259141586,1.5334337012963255,0.4620608932518965,-0.7084872398053603,0.8595878869798019,-0.4411184618097892,0.3161559571827783,-0.24086475372464633,-0.4997301761516306,-1.0797890342166658,0.3099989831655551,1.307311160118628,1.503419828428999,0.4508939066108048,-0.5152183938082427,-1.2844020883827179,-0.8505352787470439,-1.0107593820227276,0.5362909095171899,-0.4249039652023172,-0.2243189708781048,-0.2243189708781048
0.9154021177020741,-0.9154021177020741,-0.15178509503558332,0.2855745617084022,-0.6465728842425266,0.24164176766987483,-0.24032539815813503,0.7637673168794192,0.5839281853259639,0.8523617302181422,1.0302834540318422,-1.3660007687180564,-1.8362053731032966,1.9275477480252003,-1.4183657329330317,0.5938242362178295,-0.4646172972983931,-0.21003832558395896,-0.8096035199216461,0.8024215506048613,-0.5081401976473109,-1.423957152450145,0.7833905092825955,-0.15090676520687168,-0.3871306497895146,-1.3700191185039685,0.46926758980852623,-0.5937491555400342,-0.5262478565174211,-0.3229637379369116,-0.05658848889989584,-1.064743615215926,-0.3301200939664503,-0.8510458520134421,1.5301951988633513,0.5743111218436718,2.4851899166788916,2.1779669262648,-2.1961278210999464,-1.7354029116537768,0.8595848723435562,0.8595848723435562
0.32875110965968446,-0.32875110965968446,0.5883172064845765,0.28831842305987554,-1.081548003614395,0.355331781212641,-0.3748208075495975,0.5902947324469698,-0.35929209078705954,0.9174650869327728,0.23878915902651351,-0.3139325939428004,0.5079913269125437,1.227952120739359,-1.7608088119807759,0.17812039988130107,0.2011596558728393,-0.7771916913596868,0.4240610444640897,0.4711848065401885,-0.14778031881747153,-0.2666523292344148,-0.2515388860444957,-0.9447542561089627,-0.04541121793223822,-0.20796183930014905,-1.5355721232071058,-1.6970881325998717,1.3883377782084478,0.6409123058714796,1.2189707897936632,1.3834502972112561,-0.2116669819311769,-0.06448573878298816,0.664927162301741,-0.19022480042712303,0.2647753109779796,-0.3193289628921496,-0.16212397547985843,-0.3848665479846553,0.0798014840587331,0.0798014840587331
-0.5297602037670388,0.5297602037670388,0.28099186773503265,0.1613874654569752,1.6871416350725648,-0.8515118181315047,0.7109599682034915,-0.5477803183944157,0.5906548306923093,-0.5311642374791168,-0.2590421458207031,0.6058801640705671,-1.1033666061738736,0.4706789295988546,-1.5256563145700948,-0.33177385981508506,0.28328787154614216,0.2560683014626216,-0.47383934707091613,-0.5908821936748598,-0.4532484090230134,-0.42924442029866183,-0.5975101946916416,0.8259852161322727,0.02538842054241018,-0.7787968188207235,0.756788679986982,-0.20807493391426898,-0.38502181171286365,-1.1898575484930025,-1.9511018640386248,-0.20223019609748838,-0.6277339060845056,0.3126685559476519,-0.9245641143780999,0.23804516625221106,1.2753907379990148,1.1289502360618613,0.14304876987895235,0.967154477193081,1.1395555360254692,1.1395555360254692
0.5132674331133561,-0.5132674331133561,-0.6226995198205938,0.3089630943193744,0.8816397569494505,-1.2189621011048808,0.44426331148603976,-1.497147680971245,1.1087035805829077,-0.64371347715412,-0.19634984908497827,-0.7404359729832127,-2.152890592952483,0.17063735302223104,1.262584103427182,-0.29659920402794115,-0.25890497370407733,1.365148842037947,-0.014452270878279104,0.43120273284152166,1.4524675344707454,0.5885532697707198,1.4223698616985077,1.1722970684929706,-1.9196731561976563,-0.44617574881352207,0.6124687940136023,0.3568106033113781,0.38298898474092846,2.3635337774158858,0.1435879365051602,1.6562915422159206,-0.2880388739220764,-0.0615750054305117,-1.5975991695954321,-1.4012840074596313,-0.15171443357722914,0.6605952755278548,0.8496119885162131,0.4270039522181131,-0.38736196455281124,-0.38736196455281124
0.09707754934804039,-0.09707754934804039,-0.20812225035727522,-0.20429985085863214,-0.007972641316617372,0.049317855384929374,-0.3609661658190799,0.559485092426696,0.820482181197364,-0.32558306236037643,-0.07160125941406395,0.1270584949660765,0.3885786045309641,0.266139990705524,-0.5518581458924467,-0.8571979891337689,0.5866938014752747,-1.9546250524337154,0.5462842480036996,0.741768997341648,0.32674476460232005,-1.5981243518837476,1.7388996637975789,-1.6630437630858725,-0.01383774609423725,1.2096692580761716,-1.0166831285764972,0.2626169948857812,0.14125714008746323,1.4463009643510947,-1.8179792253871547,-1.2637886095006086,1.4185313451480366,-0.41047837866397596,-0.3270173176097711,0.5340633322841719,0.5333592447054494,0.7783868760000294,0.6928575842374367,-0.11272599015053897,-1.0986204251778122,-1.0986204251778122
0.9686449905328892,-0.9686449905328892,-0.4930009346588328,0.6581234368916606,1.4799441388900259,-1.4705497791710906,1.159329803364248,-0.6632121870184781,0.5072740311072977,-1.9377523134038113,-0.03722223650984159,-1.1366888496403527,2.4929995174327906,-1.6183362032779187,2.5581992856682523,-3.5542505329843292,-0.47490365662252443,0.20768281173417064,0.0064222698109378164,0.7498681701018587,0.30047435961082836,0.46217266608194285,0.9788580507817954,-0.8269658234674362,-0.6897277740641738,-0.5860078402099799,-0.2440804736742013,-0.604971844235808,-2.1305664798072006,-0.30037603581923467,0.7597122954841684,0.9967452336170974,-2.4878086565350794,-2.1349447490817215,-0.21345677935043825,0.2820088639730971,0.8394685045184047,0.4241265126848356,0.5825713188088052,0.3188950847802008,1.4205042872710631,1.4205042872710631
-0.7020530938773524,0.7020530938773524,-0.5893647569442115,-0.04504803188116879,0.0773683076476183,0.2254932493297404,-1.0810633275998973,0.9506904121736931,1.066674689589154,-0.8377467197699698,0.7276295436369798,-0.8846144284942363,-0.006070911539893324,1.8477282576258653,-0.5642475986573886,0.5857257905461204,0.8712972974572442,-0.3311569155809213,-0.4363858905265686,1.2265924574780027,0.6222071440434019,2.0243096232868525,0.08531814256502405,-1.4804959938206543,-0.493122822399772,-0.1405827377895526,-0.039307287627631186,-0.4057669989307346,0.7682072166317373,0.37330576058465376,-0.09445871444200275,1.9287390958130557,1.2769653860881878,0.7070009407774103,0.4961991873633163,1.992466558491733,1.218194711754256,1.1288751516169613,-0.7999405067019342,-1.5810416119253308,-0.11348064588214118,-0.11348064588214118
-0.3276621465977682,0.3276621465977682,0.8496020970210246,0.03367248064316253,-0.8612842013282637,0.8892246242347799,0.6159356069442637,-1.34293578240746,1.1692955904456728,-1.2471647526656424,0.05194588580729943,0.2509663357351096,0.8384907744516419,-0.21025961183615652,0.18455130319703697,0.8069334894796077,-1.3459796802467485,0.9269721885232258,-0.10960980392583083,0.7157144100119285,-1.1388331177807691,-1.3631740045928105,-0.8082657216409264,-0.7275922207175739,1.4436320034688142,0.34557683819831986,-0.1344967844017327,-0.9243628800167575,0.21539650545628794,-0.10833413136161142,0.41960997202411815,-0.3250883966485433,0.33802348110170816,0.14228160520036065,-0.535316712567659,-1.4312562021547128,1.057368305378225,0.7014955395844523,-1.9080021371233076,-1.3898052615363878,0.2215584736242106,0.2215584736242106
-0.39210815313215763,0.39210815313215763,0.35701548596504734,0.19279209224960747,1.5231240772696573,-0.5959752952609866,0.5931012579683838,-1.1871996716312434,1.3821589910375272,-1.6305914025384487,0.7326400772155792,-1.7458930799156338,0.08182935854756501,-0.3675544757963124,1.5421099525678756,-2.7167268663333424,0.12637957954641182,0.18361326571638886,-0.08836295920533532,0.35852284721804856,1.0391117874202687,0.18970616761039566,-0.8304444065565653,-0.16606417237474724,-1.2565068942792563,0.5799877185130797,0.33385996656853467,0.07016693289003488,0.5082686396745896,-0.669140223825702,-0.8638829605897661,-1.7613253304894594,-1.2070216478572156,0.8538207527175173,0.5114995753618614,1.257322108431259,0.8721970000729778,0.7024857108752192,-0.39305275706140097,-1.253896312220304,1.2347519140447951,1.2347519140447951
-1.4635149481321186,1.4635149481321186,-0.6929095952606542,0.41910971030516836,0.5389100436846587,-0.7371378742605751,-0.3095464393139903,0.9687840801590548,0.6487098875896427,-0.6141061668625495,-0.08071658010858232,0.4218206028532905,-0.09888965319114267,0.20881815747516502,2.006092888159123,-1.5650495685449046,1.9389289990582848,-1.1245622658043604,-0.3700110298821277,1.1017871459297133,-0.07576428653545988,-0.6619821777966091,0.5225141052657575,-1.3901273713351279,0.8132051867479773,-2.0388519133560914,1.4313667818311835,-0.3799392992099005,3.9262377064363267,1.6415071507739538,1.279464931657751,-0.9884039829048915,-1.0753123930492379,-1.7539777897487414,1.9351540400602292,2.173330370394477,-0.3150867311941086,-0.447436016244389,1.00163182520856,0.9138730147432035,-1.031955242094435,-1.031955242094435
0.29612027706457605,-0.29612027706457605,0.8995998754332507,-1.556377916789653,-1.0372461543264564,0.6678719622851425,0.326133022242118,-0.2565411455942128,-0.16711808031685435,1.5384200696697308,0.07863519031609059,-0.05632442790296201,0.9190764829877686,-1.6022922316820736,2.061503576636398,-0.02781555169372174,-1.0003313246055747,-0.11254147220287908,-0.25879606266710237,-0.0005087135023522753,0.6704806172412126,0.42588720619303577,0.4183982208886837,-0.8753991107442746,-0.2789629303318085,-0.6502350456548117,1.0817667276728287,0.8712591067749994,-2.0841129394985884,-0.5974110706451756,1.0417246640588513,1.1380890546060867,1.676393027208203,1.4103072097936213,0.8155010224442626,-0.12428081485184328,-0.5717460419560614,-0.5559979570960838,1.3934545275244314,0.34841190012723844,0.5954908976392573,0.5954908976392573
0.26105527217988933,-0.26105527217988933,0.30729952087660933,0.31356971735490363,-0.1903386780836082,-0.4349872870024978,-1.251113576385303,1.3624683488985758,0.14671368643332283,0.4246460771536142,-1.9982006845321076,1.4775706781270102,-0.29027454418865134,-0.7743891578758992,1.2083662305931424,1.6002157161178188,-0.6777449705248515,-0.6443938743871646,1.598647170504717,-1.037318916124833,-1.0718572330401555,0.01914777741575206,1.4015985929464294,-0.8587651133170245,-0.2797601684958344,0.15106286112320344,-1.3122191934314063,-2.0972738131823303,1.7246966497611085,-0.4482137065268502,0.5835443030118876,-1.3390837678147407,-0.9455068799427312,0.623986358696993,-0.048088507330772585,0.6855751089107225,0.33260751032419755,0.3933420201038632,0.7105491022977853,0.4998796158866903,-0.5898947564628909,-0.5898947564628909
0.00511345664246089,-0.00511345664246089,0.8128621188389601,-0.781502668001559,-0.8756182533847572,0.4339186466621389,0.924027019206901,-0.6265955478100061,1.2065089665083568,-1.1808485717312514,0.9163276747024814,-0.2642485089848494,0.26739231407190295,0.9932405940578548,1.0240625258114624,-0.2873828248490627,0.513907849658915,0.9514858097317146,0.5609194479412387,-0.2183415253252871,-1.5537587660160643,-0.6414869090443096,0.6504500925361392,0.2712733981282027,0.7903718960517113,1.333906816929357,0.6220699903060487,-0.15644384545332515,-0.28744751940035557,0.19129873773863548,-0.12951724686344077,-0.3871963815889248,-1.1533505105959594,1.1251494899806613,-0.18315047105329468,0.11185018976939329,0.9331280723410693,0.15048723812368525,0.42934082280173436,1.102738671238981,-0.13216935564437185,-0.13216935564437185
-0.23458713337514692,0.23458713337514692,0.6296288419236122,-0.02711433627539761,-1.382799730964336,1.33262008059838,-0.18490213644298903,0.15068162956195244,-0.8169356709872361,0.9482276276772685,0.3464884758979927,1.0081360287377796,0.3216978061960136,-0.7307326738723774,0.5925269492011831,-0.872228629145663,0.17958178193959795,-0.015035290458431105,-0.29548031802916036,-0.7116207416469956,0.8178896580250287,0.487872284871074,-1.503080301759818,-0.08131128599042535,0.34005129456889044,-0.413953740932778,1.3289333195354096,0.6859180905499747,0.2873289044030093,-0.027365706952047403,0.5798572852951321,0.6686529720332417,1.1373145423647293,0.3588707868716685,-0.35667313417987123,-0.4121217368908968,-0.22272070077660705,-0.7877038568152724,0.3796396483859655,0.4988784548443347,0.07227896538428889,0.07227896538428889
